#
# There is insufficient memory for the Java Runtime Environment to continue.
# Native memory allocation (mmap) failed to map 4194304 bytes. Error detail: G1 virtual space
# Possible reasons:
#   The system is out of physical RAM or swap space
#   This process is running with CompressedOops enabled, and the Java Heap may be blocking the growth of the native heap
# Possible solutions:
#   Reduce memory load on the system
#   Increase physical memory or swap space
#   Check if swap backing store is full
#   Decrease Java heap size (-Xmx/-Xms)
#   Decrease number of Java threads
#   Decrease Java thread stack sizes (-Xss)
#   Set larger code cache with -XX:ReservedCodeCacheSize=
#   JVM is running with Zero Based Compressed Oops mode in which the Java heap is
#     placed in the first 32GB address space. The Java Heap base address is the
#     maximum limit for the native heap growth. Please use -XX:HeapBaseMinAddress
#     to set the Java Heap base and to place the Java Heap above 32GB virtual address.
# This output file may be truncated or incomplete.
#
#  Out of Memory Error (os_windows.cpp:3925), pid=27196, tid=24156
#
# JRE version: OpenJDK Runtime Environment JBR-21.0.8+9-1148.57-nomod (21.0.8+9) (build 21.0.8+9-b1148.57)
# Java VM: OpenJDK 64-Bit Server VM JBR-21.0.8+9-1148.57-nomod (21.0.8+9-b1148.57, mixed mode, sharing, tiered, compressed oops, compressed class ptrs, g1 gc, windows-amd64)
# No core dump will be written. Minidumps are not enabled by default on client versions of Windows
#

---------------  S U M M A R Y ------------

Command Line: --add-opens=java.base/java.io=ALL-UNNAMED --add-opens=java.base/java.lang=ALL-UNNAMED --add-opens=java.base/java.lang.ref=ALL-UNNAMED --add-opens=java.base/java.lang.reflect=ALL-UNNAMED --add-opens=java.base/java.net=ALL-UNNAMED --add-opens=java.base/java.nio=ALL-UNNAMED --add-opens=java.base/java.nio.charset=ALL-UNNAMED --add-opens=java.base/java.text=ALL-UNNAMED --add-opens=java.base/java.time=ALL-UNNAMED --add-opens=java.base/java.util=ALL-UNNAMED --add-opens=java.base/java.util.concurrent=ALL-UNNAMED --add-opens=java.base/java.util.concurrent.atomic=ALL-UNNAMED --add-opens=java.base/java.util.concurrent.locks=ALL-UNNAMED --add-opens=java.base/jdk.internal.ref=ALL-UNNAMED --add-opens=java.base/jdk.internal.vm=ALL-UNNAMED --add-opens=java.base/sun.net.dns=ALL-UNNAMED --add-opens=java.base/sun.nio.ch=ALL-UNNAMED --add-opens=java.base/sun.nio.fs=ALL-UNNAMED --add-opens=java.base/sun.security.ssl=ALL-UNNAMED --add-opens=java.base/sun.security.util=ALL-UNNAMED --add-opens=java.desktop/com.apple.eawt=ALL-UNNAMED --add-opens=java.desktop/com.apple.eawt.event=ALL-UNNAMED --add-opens=java.desktop/com.apple.laf=ALL-UNNAMED --add-opens=java.desktop/com.sun.java.swing=ALL-UNNAMED --add-opens=java.desktop/com.sun.java.swing.plaf.gtk=ALL-UNNAMED --add-opens=java.desktop/java.awt=ALL-UNNAMED --add-opens=java.desktop/java.awt.dnd.peer=ALL-UNNAMED --add-opens=java.desktop/java.awt.event=ALL-UNNAMED --add-opens=java.desktop/java.awt.font=ALL-UNNAMED --add-opens=java.desktop/java.awt.image=ALL-UNNAMED --add-opens=java.desktop/java.awt.peer=ALL-UNNAMED --add-opens=java.desktop/javax.swing=ALL-UNNAMED --add-opens=java.desktop/javax.swing.plaf.basic=ALL-UNNAMED --add-opens=java.desktop/javax.swing.text=ALL-UNNAMED --add-opens=java.desktop/javax.swing.text.html=ALL-UNNAMED --add-opens=java.desktop/sun.awt=ALL-UNNAMED --add-opens=java.desktop/sun.awt.X11=ALL-UNNAMED --add-opens=java.desktop/sun.awt.datatransfer=ALL-UNNAMED --add-opens=java.desktop/sun.awt.image=ALL-UNNAMED --add-opens=java.desktop/sun.awt.windows=ALL-UNNAMED --add-opens=java.desktop/sun.font=ALL-UNNAMED --add-opens=java.desktop/sun.java2d=ALL-UNNAMED --add-opens=java.desktop/sun.lwawt=ALL-UNNAMED --add-opens=java.desktop/sun.lwawt.macosx=ALL-UNNAMED --add-opens=java.desktop/sun.swing=ALL-UNNAMED --add-opens=java.management/sun.management=ALL-UNNAMED --add-opens=jdk.attach/sun.tools.attach=ALL-UNNAMED --add-opens=jdk.compiler/com.sun.tools.javac.api=ALL-UNNAMED --add-opens=jdk.internal.jvmstat/sun.jvmstat.monitor=ALL-UNNAMED --add-opens=jdk.jdi/com.sun.tools.jdi=ALL-UNNAMED --enable-native-access=ALL-UNNAMED -Djdk.lang.Process.launchMechanism=FORK -Djava.awt.headless=true -Djava.system.class.loader=com.intellij.util.lang.PathClassLoader -Xlog:cds=off com.jetbrains.ls.kotlinLsp.KotlinLspServerKt --stdio

Host: AMD Ryzen 9 8945HX with Radeon Graphics        , 32 cores, 31G,  Windows 11 , 64 bit Build 26100 (10.0.26100.8246)
Time: Fri May  8 19:02:17 2026 elapsed time: 32.168357 seconds (0d 0h 0m 32s)

---------------  T H R E A D  ---------------

Current thread (0x0000025e19e8f2a0):  JavaThread "DefaultDispatcher-worker-27" daemon [_thread_in_vm, id=24156, stack(0x00000094e2000000,0x00000094e2100000) (1024K)]

Stack: [0x00000094e2000000,0x00000094e2100000]
Native frames: (J=compiled Java code, j=interpreted, Vv=VM code, C=native code)
V  [jvm.dll+0x6ebf99]
V  [jvm.dll+0x8cbfa3]
V  [jvm.dll+0x8ce55e]
V  [jvm.dll+0x8cec43]
V  [jvm.dll+0x28adf6]
V  [jvm.dll+0x6e8775]
V  [jvm.dll+0x6dbfca]
V  [jvm.dll+0x36689b]
V  [jvm.dll+0x36e466]
V  [jvm.dll+0x3c05cb]
V  [jvm.dll+0x3c0c84]
V  [jvm.dll+0x3c07d6]
V  [jvm.dll+0x339504]
V  [jvm.dll+0x33769f]
V  [jvm.dll+0x67ab10]
V  [jvm.dll+0x248f22]
V  [jvm.dll+0x88fd67]
V  [jvm.dll+0x748aa7]
C  0x0000025dd4975e29

The last pc belongs to _new_array_Java (printed below).
Java frames: (J=compiled Java code, j=interpreted, Vv=VM code)
v  ~RuntimeStub::_new_array_Java 0x0000025dd4975e29
J 9847 c2 java.nio.ByteBuffer.allocate(I)Ljava/nio/ByteBuffer; java.base@21.0.8 (20 bytes) @ 0x0000025dd56f67f8 [0x0000025dd56f65a0+0x0000000000000258]
j  org.h2.mvstore.WriteBuffer.grow(I)V+77
J 17295 c2 org.h2.mvstore.type.ByteArrayDataType.write(Lorg/h2/mvstore/WriteBuffer;Ljava/lang/Object;)V (10 bytes) @ 0x0000025dd57820a4 [0x0000025dd5781e20+0x0000000000000284]
J 17305 c2 org.h2.mvstore.Page.write(Lorg/h2/mvstore/FileStore$PageSerializationManager;)I (460 bytes) @ 0x0000025dd5ed4ee0 [0x0000025dd5ed4940+0x00000000000005a0]
J 18400 c2 org.h2.mvstore.Page$NonLeaf.writeChildrenRecursive(Lorg/h2/mvstore/FileStore$PageSerializationManager;)V (50 bytes) @ 0x0000025dd56b4394 [0x0000025dd56b4320+0x0000000000000074]
J 18400 c2 org.h2.mvstore.Page$NonLeaf.writeChildrenRecursive(Lorg/h2/mvstore/FileStore$PageSerializationManager;)V (50 bytes) @ 0x0000025dd56b44ec [0x0000025dd56b4320+0x00000000000001cc]
J 17346 c1 org.h2.mvstore.Page$NonLeaf.writeUnsavedRecursive(Lorg/h2/mvstore/FileStore$PageSerializationManager;)V (49 bytes) @ 0x0000025dcd4a739c [0x0000025dcd4a7140+0x000000000000025c]
j  org.h2.mvstore.FileStore.serializeToBuffer(Lorg/h2/mvstore/WriteBuffer;Ljava/util/ArrayList;Lorg/h2/mvstore/Chunk;Lorg/h2/mvstore/Chunk;)V+103
j  org.h2.mvstore.FileStore.serializeAndStore(ZLjava/util/ArrayList;JJ)V+112
j  org.h2.mvstore.FileStore.lambda$storeIt$2(ZLjava/util/ArrayList;J)V+8
j  org.h2.mvstore.FileStore$$Lambda+0x0000025d82be54a8.run()V+16
j  org.h2.mvstore.FileStore.submitOrRun(Ljava/util/concurrent/ThreadPoolExecutor;Ljava/lang/Runnable;ZII)I+87
j  org.h2.mvstore.FileStore.storeIt(Ljava/util/ArrayList;JZ)V+30
j  org.h2.mvstore.MVStore.storeNow(Z)V+45
j  org.h2.mvstore.MVStore.store(Z)J+110
j  org.h2.mvstore.MVStore.commit(Ljava/util/function/Predicate;)J+26
j  org.h2.mvstore.MVStore.commit()J+6
j  com.jetbrains.ls.snapshot.api.impl.core.MVS.commit()V+4
j  com.jetbrains.ls.snapshot.api.impl.core.FileTreeCache.commit()V+4
j  com.jetbrains.ls.snapshot.api.impl.core.IndexerKt$consumeIndexingEvents$2$1.invokeSuspend(Ljava/lang/Object;)Ljava/lang/Object;+190
J 12097 c2 kotlin.coroutines.jvm.internal.BaseContinuationImpl.resumeWith(Ljava/lang/Object;)V (124 bytes) @ 0x0000025dd54320dc [0x0000025dd5432060+0x000000000000007c]
J 16847 c2 kotlinx.coroutines.DispatchedTask.run()V (438 bytes) @ 0x0000025dd58cfbe4 [0x0000025dd58cf460+0x0000000000000784]
J 12787 c2 kotlinx.coroutines.scheduling.CoroutineScheduler$Worker.executeTask(Lkotlinx/coroutines/scheduling/Task;)V (194 bytes) @ 0x0000025dd50c3568 [0x0000025dd50c3400+0x0000000000000168]
j  kotlinx.coroutines.scheduling.CoroutineScheduler$Worker.runWorker()V+44
j  kotlinx.coroutines.scheduling.CoroutineScheduler$Worker.run()V+1
v  ~StubRoutines::call_stub 0x0000025dd48410e7
--------------------------------------------------------------------------------
Decoding CodeBlob, name: _new_array_Java, at  [0x0000025dd4975e00, 0x0000025dd4975e70]  112 bytes
[MachCode]
  0x0000025dd4975e00: 4881 ec28 | 0000 0048 | 896c 2420 | 4989 a798 | 0300 0048 | 8bca 418b | d04d 8bc7 | 49ba 708a 
  0x0000025dd4975e20: c9d6 fa7f | 0000 41ff | d20f 1f84 | 0000 0000 | 004d 89a7 | 9803 0000 | 4d89 a7a0 | 0300 0049 
  0x0000025dd4975e40: 8b87 f003 | 0000 4d89 | a7f0 0300 | 004d 3b67 | 0875 0648 | 83c4 205d | c333 db49 | ba00 0f84 
  0x0000025dd4975e60: d45d 0200 | 0048 83c4 | 205d 41ff | e2f4 f4f4 
[/MachCode]
--------------------------------------------------------------------------------


Compiled method (c2) 32705 9847       4       java.nio.ByteBuffer::allocate (20 bytes)
 total in heap  [0x0000025dd56f6410,0x0000025dd56f69e8] = 1496
 relocation     [0x0000025dd56f6570,0x0000025dd56f65a0] = 48
 main code      [0x0000025dd56f65a0,0x0000025dd56f6860] = 704
 stub code      [0x0000025dd56f6860,0x0000025dd56f6878] = 24
 metadata       [0x0000025dd56f6878,0x0000025dd56f68f8] = 128
 scopes data    [0x0000025dd56f68f8,0x0000025dd56f6938] = 64
 scopes pcs     [0x0000025dd56f6938,0x0000025dd56f6988] = 80
 dependencies   [0x0000025dd56f6988,0x0000025dd56f69b8] = 48
 handler table  [0x0000025dd56f69b8,0x0000025dd56f69e8] = 48

[Constant Pool (empty)]

[MachCode]
[Verified Entry Point]
  # {method} {0x0000025d8010f670} 'allocate' '(I)Ljava/nio/ByteBuffer;' in 'java/nio/ByteBuffer'
  # parm0:    rdx       = int
  #           [sp+0x60]  (sp of caller)
  0x0000025dd56f65a0: 8984 2400 | 80ff ff55 | 4883 ec50 | 4181 7f20 | 1900 0000 | 0f85 9602 | 0000 8954 | 2420 85d2 
  0x0000025dd56f65c0: 0f8c 4a02 | 0000 498b | afb8 0100 | 004c 8bd5 | 4983 c238 | 4d3b 97c8 | 0100 000f | 83df 0100 
  0x0000025dd56f65e0: 004d 8997 | b801 0000 | 410f 1882 | 0001 0000 | 48c7 4500 | 0100 0000 | 4c8b d549 

  0x0000025dd56f65fc: ;   {metadata('java/nio/HeapByteBuffer')}
  0x0000025dd56f65fc: 83c2 10c7 | 4508 50e4 | 2f00 4489 | 650c c5fd | efc0 62d1 | fe28 7f02 | c4c1 79d6 | 4220 448b 
  0x0000025dd56f661c: 5c24 2041 | 81fb 0000 | 1000 0f87 | dc01 0000 | 4963 cb41 | 81fb 0000 | 1000 0f87 | a801 0000 
  0x0000025dd56f663c: 4d8b 87b8 | 0100 0048 | 83c1 174c | 8bd1 4983 | e2f8 4d8b | d84d 03da | 4d3b 9fc8 | 0100 000f 
  0x0000025dd56f665c: 8383 0100 | 004d 899f | b801 0000 | 410f 1883 | 0001 0000 | 49c7 0001 | 0000 0041 | 0f18 8340 
  0x0000025dd56f667c: ;   {metadata({type array byte})}
  0x0000025dd56f667c: 0100 0041 | c740 08a0 | 2500 0044 | 8b4c 2420 | 4589 480c | 410f 1883 | 8001 0000 | 498b f848 
  0x0000025dd56f669c: 83c7 1048 | c1e9 0348 | 83c1 fe48 | 33c0 4883 | f908 7f10 | 48ff c978 | 5648 8904 | cf48 ffc9 
  0x0000025dd56f66bc: 7df7 eb4b | c5fd efc0 | e90d 0000 | 00c5 fe7f | 07c5 fe7f | 4720 4883 | c740 4883 | e908 7ded 
  0x0000025dd56f66dc: 4883 c104 | 7c0c c5fe | 7f07 4883 | c720 4883 | e904 4883 | c104 7e17 | 48c7 c0ff | ffff ffc4 
  0x0000025dd56f66fc: e2f0 f5c0 | c4e1 fb92 | f862 f1fe | 2f7f 07c7 | 450c ffff | ffff 448b | 5424 2044 | 8955 1c44 
  0x0000025dd56f671c: 8955 20c6 | 452d 0144 | 8865 2e4d | 8bd8 49c1 | eb03 4489 | 5d30 4d8b | d04c 8bdd | 4d33 d349 
  0x0000025dd56f673c: c1ea 164d | 85d2 7416 | 49c1 eb09 | 48b9 0080 | 6bdb 5d02 | 0000 4903 | cb80 3902 | 7522 4489 
  0x0000025dd56f675c: 6528 48c7 | 4510 1000 | 0000 488b | c548 83c4 

  0x0000025dd56f676c: ;   {poll_return}
  0x0000025dd56f676c: 505d 493b | a748 0400 | 000f 87bf | 0000 00c3 | 4d8b 5748 | 4d8b 5f58 | f083 4424 | c000 8039 
  0x0000025dd56f678c: 0074 cb44 | 8821 4d85 | d275 1a49 | 8bd7 49ba | 5004 88d6 | fa7f 0000 

  0x0000025dd56f67a4: ;   {other}
  0x0000025dd56f67a4: 41ff d20f | 1f84 0000 | 0000 00eb | a94b 894c | 13f8 4983 | c2f8 4d89 | 5748 eb9a 

  0x0000025dd56f67c0: ;   {metadata('java/nio/HeapByteBuffer')}
  0x0000025dd56f67c0: 48ba 50e4 | 2f80 5d02 | 0000 8b6c 

  0x0000025dd56f67cc: ;   {runtime_call _new_instance_Java}
  0x0000025dd56f67cc: 2420 90e8 

  0x0000025dd56f67d0: ; ImmutableOopMap {}
                      ;*new {reexecute=0 rethrow=0 return_oop=1}
                      ; - java.nio.ByteBuffer::allocate@9 (line 391)
  0x0000025dd56f67d0: 2ca2 27ff 

  0x0000025dd56f67d4: ;   {other}
  0x0000025dd56f67d4: 0f1f 8400 | c403 0000 | 488b e8e9 | 36fe ffff 

  0x0000025dd56f67e4: ;   {metadata({type array byte})}
  0x0000025dd56f67e4: 48ba a025 | 0080 5d02 | 0000 448b 

  0x0000025dd56f67f0: ;   {runtime_call _new_array_Java}
  0x0000025dd56f67f0: 4424 20e8 

  0x0000025dd56f67f4: ; ImmutableOopMap {rbp=Oop }
                      ;*newarray {reexecute=0 rethrow=0 return_oop=1}
                      ; - java.nio.HeapByteBuffer::<init>@6 (line 71)
                      ; - java.nio.ByteBuffer::allocate@16 (line 391)
  0x0000025dd56f67f4: 08f6 27ff 

  0x0000025dd56f67f8: ;   {other}
  0x0000025dd56f67f8: 0f1f 8400 | e803 0001 | 4c8b c0e9 | 03ff ffff | 4963 cbe9 | 1ffe ffff | ba45 ffff | ff8b 6c24 
  0x0000025dd56f6818: ;   {runtime_call UncommonTrapBlob}
  0x0000025dd56f6818: 2066 90e8 

  0x0000025dd56f681c: ; ImmutableOopMap {}
                      ;*ifge {reexecute=1 rethrow=0 return_oop=0}
                      ; - (reexecute) java.nio.ByteBuffer::allocate@1 (line 389)
  0x0000025dd56f681c: e014 1aff 

  0x0000025dd56f6820: ;   {other}
  0x0000025dd56f6820: 0f1f 8400 | 1004 0002 | 488b d0eb | 0348 8bd0 | 4883 c450 

  0x0000025dd56f6834: ;   {runtime_call _rethrow_Java}
  0x0000025dd56f6834: 5de9 46d5 

  0x0000025dd56f6838: ;   {internal_word}
  0x0000025dd56f6838: 27ff 49ba | 6e67 6fd5 | 5d02 0000 | 4d89 9760 

  0x0000025dd56f6848: ;   {runtime_call SafepointBlob}
  0x0000025dd56f6848: 0400 00e9 | 3003 1aff 

  0x0000025dd56f6850: ;   {runtime_call StubRoutines (final stubs)}
  0x0000025dd56f6850: e86b f417 | ffe9 60fd | ffff f4f4 | f4f4 f4f4 
[Exception Handler]
  0x0000025dd56f6860: ;   {no_reloc}
  0x0000025dd56f6860: e91b ab27 | ffe8 0000 | 0000 4883 

  0x0000025dd56f686c: ;   {runtime_call DeoptimizationBlob}
  0x0000025dd56f686c: 2c24 05e9 | ac17 1aff | f4f4 f4f4 
[/MachCode]


Compiled method (c2) 32709 17295       4       org.h2.mvstore.type.ByteArrayDataType::write (10 bytes)
 total in heap  [0x0000025dd5781c10,0x0000025dd5782a18] = 3592
 relocation     [0x0000025dd5781d70,0x0000025dd5781e10] = 160
 main code      [0x0000025dd5781e20,0x0000025dd5782410] = 1520
 stub code      [0x0000025dd5782410,0x0000025dd5782448] = 56
 oops           [0x0000025dd5782448,0x0000025dd5782450] = 8
 metadata       [0x0000025dd5782450,0x0000025dd5782508] = 184
 scopes data    [0x0000025dd5782508,0x0000025dd57827a8] = 672
 scopes pcs     [0x0000025dd57827a8,0x0000025dd5782948] = 416
 dependencies   [0x0000025dd5782948,0x0000025dd5782988] = 64
 handler table  [0x0000025dd5782988,0x0000025dd57829d0] = 72
 nul chk table  [0x0000025dd57829d0,0x0000025dd5782a18] = 72

[Constant Pool (empty)]

[MachCode]
[Entry Point]
  # {method} {0x0000025dee21a658} 'write' '(Lorg/h2/mvstore/WriteBuffer;Ljava/lang/Object;)V' in 'org/h2/mvstore/type/ByteArrayDataType'
  # this:     rdx:rdx   = 'org/h2/mvstore/type/ByteArrayDataType'
  # parm0:    r8:r8     = 'org/h2/mvstore/WriteBuffer'
  # parm1:    r9:r9     = 'java/lang/Object'
  #           [sp+0x70]  (sp of caller)
  0x0000025dd5781e20: 448b 5208 | 49bb 0000 | 0080 5d02 | 0000 4d03 | d349 3bc2 

  0x0000025dd5781e34: ;   {runtime_call ic_miss_stub}
  0x0000025dd5781e34: 0f85 46cb | 10ff 6690 | 0f1f 4000 
[Verified Entry Point]
  0x0000025dd5781e40: 8984 2400 | 80ff ff55 | 4883 ec60 | 4181 7f20 | 1900 0000 | 0f85 a705 | 0000 4c8b | d24c 8944 
  0x0000025dd5781e60: 2430 458b 

  0x0000025dd5781e64: ;   {metadata({type array byte})}
  0x0000025dd5781e64: 5908 4181 | fba0 2500 | 000f 858d | 0400 004c | 894c 2440 | 418b 690c 

  0x0000025dd5781e7c: ; implicit exception: dispatches to 0x0000025dd5782338
  0x0000025dd5781e7c: 458b 4810 

  0x0000025dd5781e80: ; implicit exception: dispatches to 0x0000025dd5782350
  0x0000025dd5781e80: 478b 54cc | 1c47 2b54 | cc18 4585 | d20f 8efe | 0100 0041 | 83fa 050f | 8cf4 0100 | 0044 8bdd 
  0x0000025dd5781ea0: 4183 e380 | 4585 db0f | 8544 0100 | 0044 8bdd | 450f bed3 

  0x0000025dd5781eb4: ; implicit exception: dispatches to 0x0000025dd5782368
  0x0000025dd5781eb4: 478b 44cc 

  0x0000025dd5781eb8: ;   {metadata('java/nio/HeapByteBuffer')}
  0x0000025dd5781eb8: 0841 81f8 | 50e4 2f00 | 0f85 7e02 | 0000 4b8d | 0ccc 8b59 | 1844 8b49 | 308b 791c | 3bdf 0f8d 
  0x0000025dd5781ed8: ec02 0000 | 448b c344 | 0341 28ff | c389 5918 

  0x0000025dd5781ee8: ; implicit exception: dispatches to 0x0000025dd5782380
  0x0000025dd5781ee8: 438b 5ccc | 0c44 3bc3 | 0f83 1602 | 0000 4c8b | 5424 3041 | 8b4a 104f | 8d14 cc47 | 885c 0210 
  0x0000025dd5781f08: ; implicit exception: dispatches to 0x0000025dd57823a0
  0x0000025dd5781f08: 458b 5ccc | 1c45 8b54 | cc18 452b | da45 85db | 0f8e 9c01 | 0000 443b | dd0f 8ca5 | 0100 0045 
  0x0000025dd5781f28: 8b54 cc08 

  0x0000025dd5781f2c: ;   {metadata('java/nio/HeapByteBuffer')}
  0x0000025dd5781f2c: 4181 fa50 | e42f 000f | 852f 0200 | 0049 8d1c | cc44 8b53 | 2445 85d2 | 0f85 ba02 | 0000 8b73 
  0x0000025dd5781f4c: 1844 8b5b | 1c44 2bde | 413b eb0f | 8fdb 0200 | 0044 8b5b | 2844 8b53 | 3044 03de 

  0x0000025dd5781f68: ; implicit exception: dispatches to 0x0000025dd57823b8
  0x0000025dd5781f68: 478b 4cd4 | 0c45 85db | 0f8c 1602 | 0000 418d | 0c2b 443b | c90f 8209 | 0200 0085 | ed76 2d48 
  0x0000025dd5781f88: 8b4c 2440 | 4883 c110 | 49c1 e203 | 4b8d 541a | 104c 63c5 | c5f8 7749 | bae0 ff86 | d45d 0200 
  0x0000025dd5781fa8: 0041 ffd2 

  0x0000025dd5781fac: ;   {other}
  0x0000025dd5781fac: 0f1f 8400 | 0000 0000 | 03ee 448b | 5b1c 413b | eb0f 8f91 | 0200 0085 | ed0f 8cb9 | 0200 0044 
  0x0000025dd5781fcc: 8b53 0c44 | 3bd5 0f8f | d802 0000 | 896b 18c5 | f877 4883 

  0x0000025dd5781fe0: ;   {poll_return}
  0x0000025dd5781fe0: c460 5d49 | 3ba7 4804 | 0000 0f87 | fb03 0000 | c347 8b54 

  0x0000025dd5781ff4: ;   {metadata('java/nio/HeapByteBuffer')}
  0x0000025dd5781ff4: cc08 4181 | fa50 e42f | 000f 85dd | 0200 004f | 8d14 cc89 | 6c24 484c | 8b5c 2430 | 4c89 5c24 
  0x0000025dd5782014: 284c 8b5c | 2440 4c89 | 5c24 2089 | 6c24 3844 | 894c 243c | 4c89 5424 | 3044 8b5c | 2448 4181 
  0x0000025dd5782034: cb80 0000 | 0045 0fbe | c348 8b54 | 2430 488b | 6c24 2890 

  0x0000025dd5782048: ;   {optimized virtual_call}
  0x0000025dd5782048: c5f8 77e8 

  0x0000025dd578204c: ; ImmutableOopMap {rbp=Oop [32]=Oop [40]=Oop [48]=Oop [60]=NarrowOop }
                      ;*invokevirtual put {reexecute=0 rethrow=0 return_oop=1}
                      ; - org.h2.mvstore.DataUtils::writeVarInt@14 (line 298)
                      ; - org.h2.mvstore.WriteBuffer::putVarInt@6 (line 52)
                      ; - org.h2.mvstore.type.ByteArrayDataType::write@3 (line 30)
                      ; - org.h2.mvstore.type.ByteArrayDataType::write@6 (line 17)
  0x0000025dd578204c: f04a 97ff 

  0x0000025dd5782050: ;   {other}
  0x0000025dd5782050: 0f1f 8400 | 4004 0000 | 4d8b 8750 | 0400 0044 | 8b5c 2448 

  0x0000025dd5782064: ; ImmutableOopMap {rbp=Oop [32]=Oop [40]=Oop [48]=Oop [60]=NarrowOop }
                      ;*goto {reexecute=1 rethrow=0 return_oop=0}
                      ; - (reexecute) org.h2.mvstore.DataUtils::writeVarInt@23 (line 299)
                      ; - org.h2.mvstore.WriteBuffer::putVarInt@6 (line 52)
                      ; - org.h2.mvstore.type.ByteArrayDataType::write@3 (line 30)
                      ; - org.h2.mvstore.type.ByteArrayDataType::write@6 (line 17)
  0x0000025dd5782064: 41c1 eb07 

  0x0000025dd5782068: ;   {poll}
  0x0000025dd5782068: 4185 0041 | f7c3 80ff | ffff 754e | 4889 6c24 | 304c 8b54 | 2420 4c89 | 5424 408b | 6c24 3844 
  0x0000025dd5782088: 8b4c 243c | e91f feff | ff41 b805 | 0000 0048 | 8b54 2430 

  0x0000025dd578209c: ;   {optimized virtual_call}
  0x0000025dd578209c: c5f8 77e8 

  0x0000025dd57820a0: ; ImmutableOopMap {[48]=Oop [64]=Oop }
                      ;*invokevirtual grow {reexecute=0 rethrow=0 return_oop=0}
                      ; - org.h2.mvstore.WriteBuffer::ensureCapacity@13 (line 302)
                      ; - org.h2.mvstore.WriteBuffer::putVarInt@2 (line 52)
                      ; - org.h2.mvstore.type.ByteArrayDataType::write@3 (line 30)
                      ; - org.h2.mvstore.type.ByteArrayDataType::write@6 (line 17)
  0x0000025dd57820a0: 7b03 0000 

  0x0000025dd57820a4: ;   {other}
  0x0000025dd57820a4: 0f1f 8400 | 9404 0002 | 4c8b 5424 | 3045 8b4a | 10e9 e3fd | ffff 4533 | dbe9 5cfe | ffff 4489 
  0x0000025dd57820c4: 5c24 48e9 | 61ff ffff | 488b 5424 | 3044 8bc5 

  0x0000025dd57820d4: ;   {optimized virtual_call}
  0x0000025dd57820d4: c5f8 77e8 

  0x0000025dd57820d8: ; ImmutableOopMap {[48]=Oop [64]=Oop }
                      ;*invokevirtual grow {reexecute=0 rethrow=0 return_oop=0}
                      ; - org.h2.mvstore.WriteBuffer::ensureCapacity@13 (line 302)
                      ; - org.h2.mvstore.WriteBuffer::put@3 (line 164)
                      ; - org.h2.mvstore.type.ByteArrayDataType::write@9 (line 31)
                      ; - org.h2.mvstore.type.ByteArrayDataType::write@6 (line 17)
  0x0000025dd57820d8: 4303 0000 

  0x0000025dd57820dc: ;   {other}
  0x0000025dd57820dc: 0f1f 8400 | cc04 0003 | 4c8b 5424 | 3041 8b4a | 1085 c90f | 8532 feff | ffba f6ff | ffff 6690 
  0x0000025dd57820fc: ;   {runtime_call UncommonTrapBlob}
  0x0000025dd57820fc: c5f8 77e8 

  0x0000025dd5782100: ; ImmutableOopMap {[64]=Oop }
                      ;*invokevirtual put {reexecute=0 rethrow=0 return_oop=0}
                      ; - org.h2.mvstore.WriteBuffer::put@7 (line 164)
                      ; - org.h2.mvstore.type.ByteArrayDataType::write@9 (line 31)
                      ; - org.h2.mvstore.type.ByteArrayDataType::write@6 (line 17)
  0x0000025dd5782100: fc5b 11ff 

  0x0000025dd5782104: ;   {other}
  0x0000025dd5782104: 0f1f 8400 | f404 0004 | bae4 ffff | ff48 8b6c | 2430 4c8b | 5c24 404c | 895c 2420 | 4889 4c24 
  0x0000025dd5782124: 3044 894c | 2438 4489 | 4424 3c44 | 8954 2440 

  0x0000025dd5782134: ;   {runtime_call UncommonTrapBlob}
  0x0000025dd5782134: c5f8 77e8 

  0x0000025dd5782138: ; ImmutableOopMap {rbp=Oop [32]=Oop [48]=Oop [56]=NarrowOop }
                      ;*bastore {reexecute=0 rethrow=0 return_oop=0}
                      ; - java.nio.HeapByteBuffer::put@13 (line 216)
                      ; - org.h2.mvstore.DataUtils::writeVarInt@29 (line 301)
                      ; - org.h2.mvstore.WriteBuffer::putVarInt@6 (line 52)
                      ; - org.h2.mvstore.type.ByteArrayDataType::write@3 (line 30)
                      ; - org.h2.mvstore.type.ByteArrayDataType::write@6 (line 17)
  0x0000025dd5782138: c45b 11ff 

  0x0000025dd578213c: ;   {other}
  0x0000025dd578213c: 0f1f 8400 | 2c05 0005 | bade ffff | ff48 8b6c | 2430 4489 | 4c24 3044 | 8954 2434 

  0x0000025dd5782158: ;   {runtime_call UncommonTrapBlob}
  0x0000025dd5782158: c5f8 77e8 

  0x0000025dd578215c: ; ImmutableOopMap {rbp=Oop [48]=NarrowOop [64]=Oop }
                      ;*invokevirtual put {reexecute=0 rethrow=0 return_oop=0}
                      ; - org.h2.mvstore.DataUtils::writeVarInt@29 (line 301)
                      ; - org.h2.mvstore.WriteBuffer::putVarInt@6 (line 52)
                      ; - org.h2.mvstore.type.ByteArrayDataType::write@3 (line 30)
                      ; - org.h2.mvstore.type.ByteArrayDataType::write@6 (line 17)
  0x0000025dd578215c: a05b 11ff 

  0x0000025dd5782160: ;   {other}
  0x0000025dd5782160: 0f1f 8400 | 5005 0006 | bade ffff | ff4c 8b54 | 2430 4c89 | 5424 2089 | 4c24 2890 

  0x0000025dd578217c: ;   {runtime_call UncommonTrapBlob}
  0x0000025dd578217c: c5f8 77e8 

  0x0000025dd5782180: ; ImmutableOopMap {[32]=Oop [40]=NarrowOop [64]=Oop }
                      ;*invokevirtual put {reexecute=0 rethrow=0 return_oop=0}
                      ; - java.nio.ByteBuffer::put@5 (line 1242)
                      ; - org.h2.mvstore.WriteBuffer::put@7 (line 164)
                      ; - org.h2.mvstore.type.ByteArrayDataType::write@9 (line 31)
                      ; - org.h2.mvstore.type.ByteArrayDataType::write@6 (line 17)
  0x0000025dd5782180: 7c5b 11ff 

  0x0000025dd5782184: ;   {other}
  0x0000025dd5782184: 0f1f 8400 | 7405 0007 | bacc ffff | ff4c 8b44 | 2430 4c89 | 4424 2048 | 895c 2428 | 8974 2430 
  0x0000025dd57821a4: 4c8b 4424 | 404c 8944 | 2438 4489 | 5424 3444 | 895c 2440 

  0x0000025dd57821b8: ;   {runtime_call UncommonTrapBlob}
  0x0000025dd57821b8: c5f8 77e8 

  0x0000025dd57821bc: ; ImmutableOopMap {[32]=Oop [40]=Oop [52]=NarrowOop [56]=Oop }
                      ;*invokestatic arraycopy {reexecute=0 rethrow=0 return_oop=0}
                      ; - java.nio.HeapByteBuffer::put@50 (line 239)
                      ; - java.nio.ByteBuffer::put@5 (line 1242)
                      ; - org.h2.mvstore.WriteBuffer::put@7 (line 164)
                      ; - org.h2.mvstore.type.ByteArrayDataType::write@9 (line 31)
                      ; - org.h2.mvstore.type.ByteArrayDataType::write@6 (line 17)
  0x0000025dd57821bc: 405b 11ff 

  0x0000025dd57821c0: ;   {other}
  0x0000025dd57821c0: 0f1f 8400 | b005 0008 | ba45 ffff | ff48 8b6c | 2430 4c8b | 5c24 404c | 895c 2420 | 4489 5424 
  0x0000025dd57821e0: 3844 894c | 243c 4889 | 4c24 4089 | 5c24 4889 | 7c24 4c90 

  0x0000025dd57821f4: ;   {runtime_call UncommonTrapBlob}
  0x0000025dd57821f4: c5f8 77e8 

  0x0000025dd57821f8: ; ImmutableOopMap {rbp=Oop [32]=Oop [60]=NarrowOop [64]=Oop }
                      ;*if_icmplt {reexecute=1 rethrow=0 return_oop=0}
                      ; - (reexecute) java.nio.Buffer::nextPutIndex@10 (line 735)
                      ; - java.nio.HeapByteBuffer::put@6 (line 216)
                      ; - org.h2.mvstore.DataUtils::writeVarInt@29 (line 301)
                      ; - org.h2.mvstore.WriteBuffer::putVarInt@6 (line 52)
                      ; - org.h2.mvstore.type.ByteArrayDataType::write@3 (line 30)
                      ; - org.h2.mvstore.type.ByteArrayDataType::write@6 (line 17)
  0x0000025dd57821f8: 045b 11ff 

  0x0000025dd57821fc: ;   {other}
  0x0000025dd57821fc: 0f1f 8400 | ec05 0009 | ba45 ffff | ff4c 8b5c | 2430 4c89 | 5c24 204c | 8b5c 2440 | 4c89 5c24 
  0x0000025dd578221c: 3048 895c | 2438 4489 | 5424 4090 

  0x0000025dd5782228: ;   {runtime_call UncommonTrapBlob}
  0x0000025dd5782228: c5f8 77e8 

  0x0000025dd578222c: ; ImmutableOopMap {[32]=Oop [48]=Oop [56]=Oop [64]=NarrowOop }
                      ;*ifnull {reexecute=1 rethrow=0 return_oop=0}
                      ; - (reexecute) java.nio.Buffer::session@4 (line 792)
                      ; - java.nio.Buffer::checkSession@1 (line 800)
                      ; - java.nio.HeapByteBuffer::put@1 (line 234)
                      ; - java.nio.ByteBuffer::put@5 (line 1242)
                      ; - org.h2.mvstore.WriteBuffer::put@7 (line 164)
                      ; - org.h2.mvstore.type.ByteArrayDataType::write@9 (line 31)
                      ; - org.h2.mvstore.type.ByteArrayDataType::write@6 (line 17)
  0x0000025dd578222c: d05a 11ff 

  0x0000025dd5782230: ;   {other}
  0x0000025dd5782230: 0f1f 8400 | 2006 000a | ba45 ffff | ff44 895c | 2428 6690 

  0x0000025dd5782244: ;   {runtime_call UncommonTrapBlob}
  0x0000025dd5782244: c5f8 77e8 

  0x0000025dd5782248: ; ImmutableOopMap {[48]=Oop }
                      ;*if_icmple {reexecute=1 rethrow=0 return_oop=0}
                      ; - (reexecute) java.nio.HeapByteBuffer::put@26 (line 237)
                      ; - java.nio.ByteBuffer::put@5 (line 1242)
                      ; - org.h2.mvstore.WriteBuffer::put@7 (line 164)
                      ; - org.h2.mvstore.type.ByteArrayDataType::write@9 (line 31)
                      ; - org.h2.mvstore.type.ByteArrayDataType::write@6 (line 17)
  0x0000025dd5782248: b45a 11ff 

  0x0000025dd578224c: ;   {other}
  0x0000025dd578224c: 0f1f 8400 | 3c06 000b | ba45 ffff | ff4c 8b54 | 2430 4c89 | 5424 2048 | 895c 2430 | 4889 5c24 
  0x0000025dd578226c: 3844 895c | 2444 6690 

  0x0000025dd5782274: ;   {runtime_call UncommonTrapBlob}
  0x0000025dd5782274: c5f8 77e8 

  0x0000025dd5782278: ; ImmutableOopMap {[32]=Oop [48]=Oop [56]=Oop }
                      ;*if_icmple {reexecute=1 rethrow=0 return_oop=0}
                      ; - (reexecute) java.nio.Buffer::position@5 (line 326)
                      ; - java.nio.ByteBuffer::position@2 (line 1551)
                      ; - java.nio.HeapByteBuffer::put@58 (line 240)
                      ; - java.nio.ByteBuffer::put@5 (line 1242)
                      ; - org.h2.mvstore.WriteBuffer::put@7 (line 164)
                      ; - org.h2.mvstore.type.ByteArrayDataType::write@9 (line 31)
                      ; - org.h2.mvstore.type.ByteArrayDataType::write@6 (line 17)
  0x0000025dd5782278: 845a 11ff 

  0x0000025dd578227c: ;   {other}
  0x0000025dd578227c: 0f1f 8400 | 6c06 000c | ba45 ffff | ff4c 8b54 | 2430 4c89 | 5424 2048 | 895c 2430 | 4889 5c24 
  0x0000025dd578229c: 3866 6690 

  0x0000025dd57822a0: ;   {runtime_call UncommonTrapBlob}
  0x0000025dd57822a0: c5f8 77e8 

  0x0000025dd57822a4: ; ImmutableOopMap {[32]=Oop [48]=Oop [56]=Oop }
                      ;*ifge {reexecute=1 rethrow=0 return_oop=0}
                      ; - (reexecute) java.nio.Buffer::position@14 (line 326)
                      ; - java.nio.ByteBuffer::position@2 (line 1551)
                      ; - java.nio.HeapByteBuffer::put@58 (line 240)
                      ; - java.nio.ByteBuffer::put@5 (line 1242)
                      ; - org.h2.mvstore.WriteBuffer::put@7 (line 164)
                      ; - org.h2.mvstore.type.ByteArrayDataType::write@9 (line 31)
                      ; - org.h2.mvstore.type.ByteArrayDataType::write@6 (line 17)
  0x0000025dd57822a4: 585a 11ff 

  0x0000025dd57822a8: ;   {other}
  0x0000025dd57822a8: 0f1f 8400 | 9806 000d | ba45 ffff | ff4c 8b5c | 2430 4c89 | 5c24 2048 | 895c 2430 | 4889 5c24 
  0x0000025dd57822c8: 3844 8954 | 2440 6690 

  0x0000025dd57822d0: ;   {runtime_call UncommonTrapBlob}
  0x0000025dd57822d0: c5f8 77e8 

  0x0000025dd57822d4: ; ImmutableOopMap {[32]=Oop [48]=Oop [56]=Oop }
                      ;*if_icmple {reexecute=1 rethrow=0 return_oop=0}
                      ; - (reexecute) java.nio.Buffer::position@37 (line 328)
                      ; - java.nio.ByteBuffer::position@2 (line 1551)
                      ; - java.nio.HeapByteBuffer::put@58 (line 240)
                      ; - java.nio.ByteBuffer::put@5 (line 1242)
                      ; - org.h2.mvstore.WriteBuffer::put@7 (line 164)
                      ; - org.h2.mvstore.type.ByteArrayDataType::write@9 (line 31)
                      ; - org.h2.mvstore.type.ByteArrayDataType::write@6 (line 17)
  0x0000025dd57822d4: 285a 11ff 

  0x0000025dd57822d8: ;   {other}
  0x0000025dd57822d8: 0f1f 8400 | c806 000e | ba76 ffff | ff44 894c | 2438 4489 | 5c24 3c90 

  0x0000025dd57822f0: ;   {runtime_call UncommonTrapBlob}
  0x0000025dd57822f0: c5f8 77e8 

  0x0000025dd57822f4: ; ImmutableOopMap {[48]=Oop [56]=NarrowOop [64]=Oop }
                      ;*ifeq {reexecute=1 rethrow=0 return_oop=0}
                      ; - (reexecute) org.h2.mvstore.DataUtils::writeVarInt@4 (line 297)
                      ; - org.h2.mvstore.WriteBuffer::putVarInt@6 (line 52)
                      ; - org.h2.mvstore.type.ByteArrayDataType::write@3 (line 30)
                      ; - org.h2.mvstore.type.ByteArrayDataType::write@6 (line 17)
  0x0000025dd57822f4: 085a 11ff 

  0x0000025dd57822f8: ;   {other}
  0x0000025dd57822f8: 0f1f 8400 | e806 000f | bade ffff | ff49 8bea | 4c89 4c24 | 2866 6690 

  0x0000025dd5782310: ;   {runtime_call UncommonTrapBlob}
  0x0000025dd5782310: c5f8 77e8 

  0x0000025dd5782314: ; ImmutableOopMap {rbp=Oop [40]=Oop [48]=Oop }
                      ;*checkcast {reexecute=0 rethrow=0 return_oop=0}
                      ; - org.h2.mvstore.type.ByteArrayDataType::write@3 (line 17)
  0x0000025dd5782314: e859 11ff 

  0x0000025dd5782318: ;   {other}
  0x0000025dd5782318: 0f1f 8400 | 0807 0010 | baf4 ffff | ff49 8bea 

  0x0000025dd5782328: ;   {runtime_call UncommonTrapBlob}
  0x0000025dd5782328: c5f8 77e8 

  0x0000025dd578232c: ; ImmutableOopMap {rbp=Oop [48]=Oop }
                      ;*checkcast {reexecute=0 rethrow=0 return_oop=0}
                      ; - org.h2.mvstore.type.ByteArrayDataType::write@3 (line 17)
  0x0000025dd578232c: d059 11ff 

  0x0000025dd5782330: ;   {other}
  0x0000025dd5782330: 0f1f 8400 | 2007 0011 | baf6 ffff | ff66 6690 

  0x0000025dd5782340: ;   {runtime_call UncommonTrapBlob}
  0x0000025dd5782340: c5f8 77e8 

  0x0000025dd5782344: ; ImmutableOopMap {}
                      ;*invokevirtual putVarInt {reexecute=0 rethrow=0 return_oop=0}
                      ; - org.h2.mvstore.type.ByteArrayDataType::write@3 (line 30)
                      ; - org.h2.mvstore.type.ByteArrayDataType::write@6 (line 17)
  0x0000025dd5782344: b859 11ff 

  0x0000025dd5782348: ;   {other}
  0x0000025dd5782348: 0f1f 8400 | 3807 0012 | baf6 ffff | ff66 6690 

  0x0000025dd5782358: ;   {runtime_call UncommonTrapBlob}
  0x0000025dd5782358: c5f8 77e8 

  0x0000025dd578235c: ; ImmutableOopMap {}
                      ;*invokevirtual remaining {reexecute=0 rethrow=0 return_oop=0}
                      ; - org.h2.mvstore.WriteBuffer::ensureCapacity@4 (line 301)
                      ; - org.h2.mvstore.WriteBuffer::putVarInt@2 (line 52)
                      ; - org.h2.mvstore.type.ByteArrayDataType::write@3 (line 30)
                      ; - org.h2.mvstore.type.ByteArrayDataType::write@6 (line 17)
  0x0000025dd578235c: a059 11ff 

  0x0000025dd5782360: ;   {other}
  0x0000025dd5782360: 0f1f 8400 | 5007 0013 | baf6 ffff | ff41 8bea 

  0x0000025dd5782370: ;   {runtime_call UncommonTrapBlob}
  0x0000025dd5782370: c5f8 77e8 

  0x0000025dd5782374: ; ImmutableOopMap {}
                      ;*invokevirtual put {reexecute=0 rethrow=0 return_oop=0}
                      ; - org.h2.mvstore.DataUtils::writeVarInt@29 (line 301)
                      ; - org.h2.mvstore.WriteBuffer::putVarInt@6 (line 52)
                      ; - org.h2.mvstore.type.ByteArrayDataType::write@3 (line 30)
                      ; - org.h2.mvstore.type.ByteArrayDataType::write@6 (line 17)
  0x0000025dd5782374: 8859 11ff 

  0x0000025dd5782378: ;   {other}
  0x0000025dd5782378: 0f1f 8400 | 6807 0014 | baf6 ffff | ff41 8be8 | 4489 5424 | 2066 6690 

  0x0000025dd5782390: ;   {runtime_call UncommonTrapBlob}
  0x0000025dd5782390: c5f8 77e8 

  0x0000025dd5782394: ; ImmutableOopMap {}
                      ;*bastore {reexecute=0 rethrow=0 return_oop=0}
                      ; - java.nio.HeapByteBuffer::put@13 (line 216)
                      ; - org.h2.mvstore.DataUtils::writeVarInt@29 (line 301)
                      ; - org.h2.mvstore.WriteBuffer::putVarInt@6 (line 52)
                      ; - org.h2.mvstore.type.ByteArrayDataType::write@3 (line 30)
                      ; - org.h2.mvstore.type.ByteArrayDataType::write@6 (line 17)
  0x0000025dd5782394: 6859 11ff 

  0x0000025dd5782398: ;   {other}
  0x0000025dd5782398: 0f1f 8400 | 8807 0015 | baf6 ffff | ff66 6690 

  0x0000025dd57823a8: ;   {runtime_call UncommonTrapBlob}
  0x0000025dd57823a8: c5f8 77e8 

  0x0000025dd57823ac: ; ImmutableOopMap {}
                      ;*invokevirtual remaining {reexecute=0 rethrow=0 return_oop=0}
                      ; - org.h2.mvstore.WriteBuffer::ensureCapacity@4 (line 301)
                      ; - org.h2.mvstore.WriteBuffer::put@3 (line 164)
                      ; - org.h2.mvstore.type.ByteArrayDataType::write@9 (line 31)
                      ; - org.h2.mvstore.type.ByteArrayDataType::write@6 (line 17)
  0x0000025dd57823ac: 5059 11ff 

  0x0000025dd57823b0: ;   {other}
  0x0000025dd57823b0: 0f1f 8400 | a007 0016 | baf6 ffff | ff44 895c | 2428 6690 

  0x0000025dd57823c4: ;   {runtime_call UncommonTrapBlob}
  0x0000025dd57823c4: c5f8 77e8 

  0x0000025dd57823c8: ; ImmutableOopMap {[64]=Oop }
                      ;*invokestatic arraycopy {reexecute=0 rethrow=0 return_oop=0}
                      ; - java.nio.HeapByteBuffer::put@50 (line 239)
                      ; - java.nio.ByteBuffer::put@5 (line 1242)
                      ; - org.h2.mvstore.WriteBuffer::put@7 (line 164)
                      ; - org.h2.mvstore.type.ByteArrayDataType::write@9 (line 31)
                      ; - org.h2.mvstore.type.ByteArrayDataType::write@6 (line 17)
  0x0000025dd57823c8: 3459 11ff 

  0x0000025dd57823cc: ;   {other}
  0x0000025dd57823cc: 0f1f 8400 | bc07 0017 | 488b d0eb | 05eb 0048 | 8bd0 c5f8 | 7748 83c4 

  0x0000025dd57823e4: ;   {runtime_call _rethrow_Java}
  0x0000025dd57823e4: 605d e995 

  0x0000025dd57823e8: ;   {internal_word}
  0x0000025dd57823e8: 191f ff49 | bae3 1f78 | d55d 0200 | 004d 8997 | 6004 0000 

  0x0000025dd57823fc: ;   {runtime_call SafepointBlob}
  0x0000025dd57823fc: e97f 4711 

  0x0000025dd5782400: ;   {runtime_call StubRoutines (final stubs)}
  0x0000025dd5782400: ffe8 ba38 | 0fff e94f | faff fff4 | f4f4 f4f4 
[Stub Code]
  0x0000025dd5782410: ;   {no_reloc}
  0x0000025dd5782410: 48bb 0000 | 0000 0000 

  0x0000025dd5782418: ;   {runtime_call nmethod}
  0x0000025dd5782418: 0000 e9fb 

  0x0000025dd578241c: ;   {static_stub}
  0x0000025dd578241c: ffff ff48 | bb60 02f6 | 305e 0200 

  0x0000025dd5782428: ;   {runtime_call I2C/C2I adapters}
  0x0000025dd5782428: 00e9 5925 

  0x0000025dd578242c: ;   {runtime_call ExceptionBlob}
  0x0000025dd578242c: 11ff e94d | ef1e ffe8 | 0000 0000 | 4883 2c24 

  0x0000025dd578243c: ;   {runtime_call DeoptimizationBlob}
  0x0000025dd578243c: 05e9 de5b | 11ff f4f4 | f4f4 f4f4 
[/MachCode]


---------------  P R O C E S S  ---------------

Threads class SMR info:
_java_thread_list=0x0000025e22f84cf0, length=63, elements={
0x0000025dc9c90380, 0x0000025deb05e530, 0x0000025deb0657f0, 0x0000025deb065e60,
0x0000025deb071880, 0x0000025deb076110, 0x0000025deb079230, 0x0000025deb07b8b0,
0x0000025deb0870a0, 0x0000025deb089d70, 0x0000025deb651250, 0x0000025df0ac7200,
0x0000025df0ac7870, 0x0000025df0b4a7f0, 0x0000025df0d291e0, 0x0000025df0d2c810,
0x0000025df0d2add0, 0x0000025df0d2c180, 0x0000025e1a6a6110, 0x0000025e1a6a53f0,
0x0000025e1a6a3320, 0x0000025e1a6a6e30, 0x0000025e1a6a67a0, 0x0000025e1a6a46d0,
0x0000025e1a6a5a80, 0x0000025e1a6a39b0, 0x0000025e1a6a8f00, 0x0000025e1a6a7b50,
0x0000025e1a6a9c20, 0x0000025e1a6aa2b0, 0x0000025e1a6a74c0, 0x0000025e1a6aa940,
0x0000025e1a6a81e0, 0x0000025e1a6a8870, 0x0000025e1a6a9590, 0x0000025e19e8f930,
0x0000025e19e8ffc0, 0x0000025e19e90650, 0x0000025e19e8d1d0, 0x0000025e19e8def0,
0x0000025e19e8d860, 0x0000025e19e8e580, 0x0000025e19e8f2a0, 0x0000025e19e8ec10,
0x0000025e19bdea50, 0x0000025e19bddd30, 0x0000025e19bde3c0, 0x0000025e19bdc980,
0x0000025e19bdd010, 0x0000025e19bdd6a0, 0x0000025e19bdb5d0, 0x0000025e19bdf0e0,
0x0000025e19bdbc60, 0x0000025e19be2bf0, 0x0000025e19be0b20, 0x0000025e19be11b0,
0x0000025deb5f9600, 0x0000025e18a917e0, 0x0000025e1b8a31f0, 0x0000025e1ce3cbd0,
0x0000025e1da0ed20, 0x0000025e238bc480, 0x0000025e253c3e80
}

Java Threads: ( => current thread )
  0x0000025dc9c90380 JavaThread "main"                              [_thread_blocked, id=8140, stack(0x00000094dca00000,0x00000094dcb00000) (1024K)]
  0x0000025deb05e530 JavaThread "Common-Cleaner"             daemon [_thread_blocked, id=66120, stack(0x00000094dd200000,0x00000094dd300000) (1024K)]
  0x0000025deb0657f0 JavaThread "Reference Handler"          daemon [_thread_blocked, id=57464, stack(0x00000094dd300000,0x00000094dd400000) (1024K)]
  0x0000025deb065e60 JavaThread "Finalizer"                  daemon [_thread_blocked, id=74924, stack(0x00000094dd400000,0x00000094dd500000) (1024K)]
  0x0000025deb071880 JavaThread "Signal Dispatcher"          daemon [_thread_blocked, id=76332, stack(0x00000094dd500000,0x00000094dd600000) (1024K)]
  0x0000025deb076110 JavaThread "Attach Listener"            daemon [_thread_blocked, id=29060, stack(0x00000094dd600000,0x00000094dd700000) (1024K)]
  0x0000025deb079230 JavaThread "Service Thread"             daemon [_thread_blocked, id=21000, stack(0x00000094dd700000,0x00000094dd800000) (1024K)]
  0x0000025deb07b8b0 JavaThread "Monitor Deflation Thread"   daemon [_thread_blocked, id=57084, stack(0x00000094dd800000,0x00000094dd900000) (1024K)]
  0x0000025deb0870a0 JavaThread "C2 CompilerThread0"         daemon [_thread_blocked, id=14772, stack(0x00000094dd900000,0x00000094dda00000) (1024K)]
  0x0000025deb089d70 JavaThread "C1 CompilerThread0"         daemon [_thread_blocked, id=34548, stack(0x00000094dda00000,0x00000094ddb00000) (1024K)]
  0x0000025deb651250 JavaThread "Notification Thread"        daemon [_thread_blocked, id=60540, stack(0x00000094deb00000,0x00000094dec00000) (1024K)]
  0x0000025df0ac7200 JavaThread "DefaultDispatcher-worker-1" daemon [_thread_blocked, id=60344, stack(0x00000094def00000,0x00000094df000000) (1024K)]
  0x0000025df0ac7870 JavaThread "DefaultDispatcher-worker-2" daemon [_thread_in_native, id=69056, stack(0x00000094df000000,0x00000094df100000) (1024K)]
  0x0000025df0b4a7f0 JavaThread "DefaultDispatcher-worker-3" daemon [_thread_blocked, id=39748, stack(0x00000094df100000,0x00000094df200000) (1024K)]
  0x0000025df0d291e0 JavaThread "DefaultDispatcher-worker-4" daemon [_thread_blocked, id=62304, stack(0x00000094df200000,0x00000094df300000) (1024K)]
  0x0000025df0d2c810 JavaThread "DefaultDispatcher-worker-5" daemon [_thread_blocked, id=30044, stack(0x00000094df300000,0x00000094df400000) (1024K)]
  0x0000025df0d2add0 JavaThread "Kernel event loop thread uae7uv7b0tl4d8c9l5fj" daemon [_thread_blocked, id=47404, stack(0x00000094df400000,0x00000094df500000) (1024K)]
  0x0000025df0d2c180 JavaThread "DefaultDispatcher-worker-6" daemon [_thread_blocked, id=54564, stack(0x00000094df500000,0x00000094df600000) (1024K)]
  0x0000025e1a6a6110 JavaThread "Periodic tasks thread"      daemon [_thread_blocked, id=68520, stack(0x00000094dfc00000,0x00000094dfd00000) (1024K)]
  0x0000025e1a6a53f0 JavaThread "ApplicationImpl pooled thread 1"        [_thread_blocked, id=73196, stack(0x00000094dfd00000,0x00000094dfe00000) (1024K)]
  0x0000025e1a6a3320 JavaThread "JNA Cleaner"                daemon [_thread_blocked, id=68160, stack(0x00000094dfe00000,0x00000094dff00000) (1024K)]
  0x0000025e1a6a6e30 JavaThread "DefaultDispatcher-worker-7" daemon [_thread_blocked, id=47560, stack(0x00000094e0500000,0x00000094e0600000) (1024K)]
  0x0000025e1a6a67a0 JavaThread "DefaultDispatcher-worker-8" daemon [_thread_blocked, id=70928, stack(0x00000094e0600000,0x00000094e0700000) (1024K)]
  0x0000025e1a6a46d0 JavaThread "Thread-10"                  daemon [_thread_in_native, id=34200, stack(0x00000094e0900000,0x00000094e0a00000) (1024K)]
  0x0000025e1a6a5a80 JavaThread "DefaultDispatcher-worker-9" daemon [_thread_blocked, id=53060, stack(0x00000094e0a00000,0x00000094e0b00000) (1024K)]
  0x0000025e1a6a39b0 JavaThread "DefaultDispatcher-worker-10" daemon [_thread_blocked, id=14960, stack(0x00000094e0f00000,0x00000094e1000000) (1024K)]
  0x0000025e1a6a8f00 JavaThread "DefaultDispatcher-worker-11" daemon [_thread_blocked, id=31352, stack(0x00000094e1000000,0x00000094e1100000) (1024K)]
  0x0000025e1a6a7b50 JavaThread "DefaultDispatcher-worker-12" daemon [_thread_blocked, id=42644, stack(0x00000094e1100000,0x00000094e1200000) (1024K)]
  0x0000025e1a6a9c20 JavaThread "DefaultDispatcher-worker-13" daemon [_thread_blocked, id=67908, stack(0x00000094e1200000,0x00000094e1300000) (1024K)]
  0x0000025e1a6aa2b0 JavaThread "DefaultDispatcher-worker-14" daemon [_thread_blocked, id=68832, stack(0x00000094e1300000,0x00000094e1400000) (1024K)]
  0x0000025e1a6a74c0 JavaThread "DefaultDispatcher-worker-15" daemon [_thread_blocked, id=41076, stack(0x00000094e1400000,0x00000094e1500000) (1024K)]
  0x0000025e1a6aa940 JavaThread "DefaultDispatcher-worker-16" daemon [_thread_blocked, id=45028, stack(0x00000094e1500000,0x00000094e1600000) (1024K)]
  0x0000025e1a6a81e0 JavaThread "DefaultDispatcher-worker-17" daemon [_thread_blocked, id=65852, stack(0x00000094e1600000,0x00000094e1700000) (1024K)]
  0x0000025e1a6a8870 JavaThread "DefaultDispatcher-worker-18" daemon [_thread_blocked, id=33148, stack(0x00000094e1700000,0x00000094e1800000) (1024K)]
  0x0000025e1a6a9590 JavaThread "DefaultDispatcher-worker-19" daemon [_thread_blocked, id=58680, stack(0x00000094e1800000,0x00000094e1900000) (1024K)]
  0x0000025e19e8f930 JavaThread "DefaultDispatcher-worker-20" daemon [_thread_blocked, id=50712, stack(0x00000094e1900000,0x00000094e1a00000) (1024K)]
  0x0000025e19e8ffc0 JavaThread "DefaultDispatcher-worker-21" daemon [_thread_blocked, id=10296, stack(0x00000094e1a00000,0x00000094e1b00000) (1024K)]
  0x0000025e19e90650 JavaThread "DefaultDispatcher-worker-22" daemon [_thread_blocked, id=4884, stack(0x00000094e1b00000,0x00000094e1c00000) (1024K)]
  0x0000025e19e8d1d0 JavaThread "DefaultDispatcher-worker-23" daemon [_thread_blocked, id=54040, stack(0x00000094e1c00000,0x00000094e1d00000) (1024K)]
  0x0000025e19e8def0 JavaThread "DefaultDispatcher-worker-24" daemon [_thread_blocked, id=60112, stack(0x00000094e1d00000,0x00000094e1e00000) (1024K)]
  0x0000025e19e8d860 JavaThread "DefaultDispatcher-worker-26" daemon [_thread_blocked, id=75508, stack(0x00000094e1e00000,0x00000094e1f00000) (1024K)]
  0x0000025e19e8e580 JavaThread "DefaultDispatcher-worker-25" daemon [_thread_blocked, id=60012, stack(0x00000094e1f00000,0x00000094e2000000) (1024K)]
=>0x0000025e19e8f2a0 JavaThread "DefaultDispatcher-worker-27" daemon [_thread_in_vm, id=24156, stack(0x00000094e2000000,0x00000094e2100000) (1024K)]
  0x0000025e19e8ec10 JavaThread "DefaultDispatcher-worker-28" daemon [_thread_blocked, id=60172, stack(0x00000094e2100000,0x00000094e2200000) (1024K)]
  0x0000025e19bdea50 JavaThread "DefaultDispatcher-worker-29" daemon [_thread_blocked, id=72052, stack(0x00000094e2200000,0x00000094e2300000) (1024K)]
  0x0000025e19bddd30 JavaThread "DefaultDispatcher-worker-30" daemon [_thread_blocked, id=62744, stack(0x00000094e2300000,0x00000094e2400000) (1024K)]
  0x0000025e19bde3c0 JavaThread "DefaultDispatcher-worker-31" daemon [_thread_blocked, id=59700, stack(0x00000094e2400000,0x00000094e2500000) (1024K)]
  0x0000025e19bdc980 JavaThread "DefaultDispatcher-worker-32" daemon [_thread_blocked, id=28664, stack(0x00000094e2500000,0x00000094e2600000) (1024K)]
  0x0000025e19bdd010 JavaThread "DefaultDispatcher-worker-33" daemon [_thread_blocked, id=21768, stack(0x00000094e2600000,0x00000094e2700000) (1024K)]
  0x0000025e19bdd6a0 JavaThread "DefaultDispatcher-worker-34" daemon [_thread_blocked, id=14240, stack(0x00000094e2700000,0x00000094e2800000) (1024K)]
  0x0000025e19bdb5d0 JavaThread "DefaultDispatcher-worker-35" daemon [_thread_blocked, id=68996, stack(0x00000094e2800000,0x00000094e2900000) (1024K)]
  0x0000025e19bdf0e0 JavaThread "DefaultDispatcher-worker-36" daemon [_thread_blocked, id=69452, stack(0x00000094e2900000,0x00000094e2a00000) (1024K)]
  0x0000025e19bdbc60 JavaThread "DefaultDispatcher-worker-37" daemon [_thread_blocked, id=32464, stack(0x00000094e2a00000,0x00000094e2b00000) (1024K)]
  0x0000025e19be2bf0 JavaThread "Exec process"               daemon [_thread_blocked, id=30180, stack(0x00000094dee00000,0x00000094def00000) (1024K)]
  0x0000025e19be0b20 JavaThread "Exec process Thread 2"      daemon [_thread_blocked, id=44192, stack(0x00000094e3000000,0x00000094e3100000) (1024K)]
  0x0000025e19be11b0 JavaThread "Exec process Thread 3"      daemon [_thread_blocked, id=20528, stack(0x00000094e3100000,0x00000094e3200000) (1024K)]
  0x0000025deb5f9600 JavaThread "C1 CompilerThread1"         daemon [_thread_blocked, id=10476, stack(0x00000094ddc00000,0x00000094ddd00000) (1024K)]
  0x0000025e18a917e0 JavaThread "C1 CompilerThread2"         daemon [_thread_blocked, id=21852, stack(0x00000094e2b00000,0x00000094e2c00000) (1024K)]
  0x0000025e1b8a31f0 JavaThread "C1 CompilerThread3"         daemon [_thread_blocked, id=53016, stack(0x00000094e3300000,0x00000094e3400000) (1024K)]
  0x0000025e1ce3cbd0 JavaThread "ApplicationImpl pooled thread 2"        [_thread_blocked, id=46908, stack(0x00000094e3600000,0x00000094e3700000) (1024K)]
  0x0000025e1da0ed20 JavaThread "C1 CompilerThread4"         daemon [_thread_blocked, id=19080, stack(0x00000094e3400000,0x00000094e3500000) (1024K)]
  0x0000025e238bc480 JavaThread "DefaultDispatcher-worker-38" daemon [_thread_blocked, id=66320, stack(0x00000094ddd00000,0x00000094dde00000) (1024K)]
  0x0000025e253c3e80 JavaThread "C2 CompilerThread1"         daemon [_thread_blocked, id=50808, stack(0x00000094dde00000,0x00000094ddf00000) (1024K)]
Total: 63

Other Threads:
  0x0000025de773a750 VMThread "VM Thread"                           [id=19372, stack(0x00000094dd100000,0x00000094dd200000) (1024K)] _threads_hazard_ptr=0x0000025e22f84cf0
  0x0000025deb041920 WatcherThread "VM Periodic Task Thread"        [id=21588, stack(0x00000094dd000000,0x00000094dd100000) (1024K)]
  0x0000025de757fac0 WorkerThread "GC Thread#0"                     [id=19028, stack(0x00000094dcb00000,0x00000094dcc00000) (1024K)]
  0x0000025deb63d7e0 WorkerThread "GC Thread#1"                     [id=57516, stack(0x00000094ddf00000,0x00000094de000000) (1024K)]
  0x0000025deb92e8c0 WorkerThread "GC Thread#2"                     [id=21984, stack(0x00000094de000000,0x00000094de100000) (1024K)]
  0x0000025deb652e70 WorkerThread "GC Thread#3"                     [id=35368, stack(0x00000094de100000,0x00000094de200000) (1024K)]
  0x0000025deb5785f0 WorkerThread "GC Thread#4"                     [id=4224, stack(0x00000094de200000,0x00000094de300000) (1024K)]
  0x0000025deb578990 WorkerThread "GC Thread#5"                     [id=74696, stack(0x00000094de300000,0x00000094de400000) (1024K)]
  0x0000025deb578d30 WorkerThread "GC Thread#6"                     [id=13168, stack(0x00000094de400000,0x00000094de500000) (1024K)]
  0x0000025deb5790d0 WorkerThread "GC Thread#7"                     [id=61628, stack(0x00000094de500000,0x00000094de600000) (1024K)]
  0x0000025deb71e590 WorkerThread "GC Thread#8"                     [id=42172, stack(0x00000094de600000,0x00000094de700000) (1024K)]
  0x0000025deb71e930 WorkerThread "GC Thread#9"                     [id=59904, stack(0x00000094de700000,0x00000094de800000) (1024K)]
  0x0000025debbff890 WorkerThread "GC Thread#10"                    [id=59752, stack(0x00000094de800000,0x00000094de900000) (1024K)]
  0x0000025debb6c120 WorkerThread "GC Thread#11"                    [id=64776, stack(0x00000094de900000,0x00000094dea00000) (1024K)]
  0x0000025df0d83cf0 WorkerThread "GC Thread#12"                    [id=43104, stack(0x00000094df600000,0x00000094df700000) (1024K)]
  0x0000025e182756d0 WorkerThread "GC Thread#13"                    [id=30052, stack(0x00000094dff00000,0x00000094e0000000) (1024K)]
  0x0000025e18274850 WorkerThread "GC Thread#14"                    [id=48784, stack(0x00000094e0000000,0x00000094e0100000) (1024K)]
  0x0000025e18273290 WorkerThread "GC Thread#15"                    [id=61932, stack(0x00000094e0100000,0x00000094e0200000) (1024K)]
  0x0000025e18275e10 WorkerThread "GC Thread#16"                    [id=57120, stack(0x00000094e0200000,0x00000094e0300000) (1024K)]
  0x0000025e18274bf0 WorkerThread "GC Thread#17"                    [id=38820, stack(0x00000094e0300000,0x00000094e0400000) (1024K)]
  0x0000025e182761b0 WorkerThread "GC Thread#18"                    [id=54788, stack(0x00000094e0400000,0x00000094e0500000) (1024K)]
  0x0000025e1a539ce0 WorkerThread "GC Thread#19"                    [id=55672, stack(0x00000094e2c00000,0x00000094e2d00000) (1024K)]
  0x0000025e1a537500 WorkerThread "GC Thread#20"                    [id=73192, stack(0x00000094e2d00000,0x00000094e2e00000) (1024K)]
  0x0000025e1a539940 WorkerThread "GC Thread#21"                    [id=58068, stack(0x00000094e2e00000,0x00000094e2f00000) (1024K)]
  0x0000025e1a5378a0 WorkerThread "GC Thread#22"                    [id=60480, stack(0x00000094e2f00000,0x00000094e3000000) (1024K)]
  0x0000025dc9d0ecb0 ConcurrentGCThread "G1 Main Marker"            [id=23120, stack(0x00000094dcc00000,0x00000094dcd00000) (1024K)]
  0x0000025dc9d11290 WorkerThread "G1 Conc#0"                       [id=54044, stack(0x00000094dcd00000,0x00000094dce00000) (1024K)]
  0x0000025df0d847d0 WorkerThread "G1 Conc#1"                       [id=17384, stack(0x00000094df700000,0x00000094df800000) (1024K)]
  0x0000025df0d84090 WorkerThread "G1 Conc#2"                       [id=72484, stack(0x00000094df800000,0x00000094df900000) (1024K)]
  0x0000025df0d82e70 WorkerThread "G1 Conc#3"                       [id=73148, stack(0x00000094df900000,0x00000094dfa00000) (1024K)]
  0x0000025df0d83210 WorkerThread "G1 Conc#4"                       [id=39860, stack(0x00000094dfa00000,0x00000094dfb00000) (1024K)]
  0x0000025e17e682c0 WorkerThread "G1 Conc#5"                       [id=6708, stack(0x00000094dfb00000,0x00000094dfc00000) (1024K)]
  0x0000025de767bef0 ConcurrentGCThread "G1 Refine#0"               [id=75488, stack(0x00000094dce00000,0x00000094dcf00000) (1024K)]
  0x0000025de767c320 ConcurrentGCThread "G1 Service"                [id=45628, stack(0x00000094dcf00000,0x00000094dd000000) (1024K)]
Total: 34

Threads with active compile tasks:
Total: 0

VM state: synchronizing (normal execution)

VM Mutex/Monitor currently owned by a thread:  ([mutex/lock_event])
[0x00007ffad7228c58] Threads_lock - owner thread: 0x0000025de773a750
[0x00007ffad7228d58] Heap_lock - owner thread: 0x0000025e19e8f2a0

Heap address: 0x000000060b000000, size: 8016 MB, Compressed Oops mode: Zero based, Oop shift amount: 3

CDS archive(s) mapped at: [0x0000025d80000000-0x0000025d81c10000-0x0000025d81c10000), size 29425664, SharedBaseAddress: 0x0000025d80000000, ArchiveRelocationMode: 1.
Compressed class space mapped at: 0x0000025d82000000-0x0000025dc2000000, reserved size: 1073741824
Narrow klass base: 0x0000025d80000000, Narrow klass shift: 0, Narrow klass range: 0x100000000

GC Precious Log:
 CardTable entry size: 512
 Card Set container configuration: InlinePtr #cards 4 size 8 Array Of Cards #cards 32 size 80 Howl #buckets 8 coarsen threshold 7372 Howl Bitmap #cards 1024 size 144 coarsen threshold 921 Card regions per heap region 1 cards per card region 8192
 CPUs: 32 total, 32 available
 Memory: 32048M
 Large Page Support: Disabled
 NUMA Support: Disabled
 Compressed Oops: Enabled (Zero based)
 Heap Region Size: 4M
 Heap Min Capacity: 8M
 Heap Initial Capacity: 504M
 Heap Max Capacity: 8016M
 Pre-touch: Disabled
 Parallel Workers: 23
 Concurrent Workers: 6
 Concurrent Refinement Workers: 23
 Periodic GC: Disabled

Heap:
 garbage-first heap   total 2277376K, used 2047098K [0x000000060b000000, 0x0000000800000000)
  region size 4096K, 284 young (1163264K), 21 survivors (86016K)
 Metaspace       used 92769K, committed 93568K, reserved 1179648K
  class space    used 11896K, committed 12224K, reserved 1048576K

Heap Regions: E=young(eden), S=young(survivor), O=old, HS=humongous(starts), HC=humongous(continues), CS=collection set, F=free, TAMS=top-at-mark-start, PB=parsable bottom
|   0|0x000000060b000000, 0x000000060b400000, 0x000000060b400000|100%| O|  |TAMS 0x000000060b000000| PB 0x000000060b000000| Untracked 
|   1|0x000000060b400000, 0x000000060b800000, 0x000000060b800000|100%| O|  |TAMS 0x000000060b400000| PB 0x000000060b400000| Untracked 
|   2|0x000000060b800000, 0x000000060bc00000, 0x000000060bc00000|100%| O|  |TAMS 0x000000060b800000| PB 0x000000060b800000| Untracked 
|   3|0x000000060bc00000, 0x000000060c000000, 0x000000060c000000|100%| O|  |TAMS 0x000000060bc00000| PB 0x000000060bc00000| Untracked 
|   4|0x000000060c000000, 0x000000060c400000, 0x000000060c400000|100%| O|  |TAMS 0x000000060c000000| PB 0x000000060c000000| Untracked 
|   5|0x000000060c400000, 0x000000060c800000, 0x000000060c800000|100%| O|  |TAMS 0x000000060c400000| PB 0x000000060c400000| Untracked 
|   6|0x000000060c800000, 0x000000060cc00000, 0x000000060cc00000|100%| O|  |TAMS 0x000000060c800000| PB 0x000000060c800000| Untracked 
|   7|0x000000060cc00000, 0x000000060d000000, 0x000000060d000000|100%| O|  |TAMS 0x000000060cc00000| PB 0x000000060cc00000| Untracked 
|   8|0x000000060d000000, 0x000000060d400000, 0x000000060d400000|100%| O|  |TAMS 0x000000060d000000| PB 0x000000060d000000| Untracked 
|   9|0x000000060d400000, 0x000000060d800000, 0x000000060d800000|100%| O|  |TAMS 0x000000060d400000| PB 0x000000060d400000| Untracked 
|  10|0x000000060d800000, 0x000000060dc00000, 0x000000060dc00000|100%|HS|  |TAMS 0x000000060d800000| PB 0x000000060d800000| Complete 
|  11|0x000000060dc00000, 0x000000060e000000, 0x000000060e000000|100%| O|  |TAMS 0x000000060dc00000| PB 0x000000060dc00000| Untracked 
|  12|0x000000060e000000, 0x000000060e400000, 0x000000060e400000|100%| O|  |TAMS 0x000000060e000000| PB 0x000000060e000000| Untracked 
|  13|0x000000060e400000, 0x000000060e800000, 0x000000060e800000|100%| O|  |TAMS 0x000000060e400000| PB 0x000000060e400000| Untracked 
|  14|0x000000060e800000, 0x000000060ec00000, 0x000000060ec00000|100%| O|  |TAMS 0x000000060e800000| PB 0x000000060e800000| Untracked 
|  15|0x000000060ec00000, 0x000000060f000000, 0x000000060f000000|100%| O|  |TAMS 0x000000060ec00000| PB 0x000000060ec00000| Untracked 
|  16|0x000000060f000000, 0x000000060f400000, 0x000000060f400000|100%| O|  |TAMS 0x000000060f000000| PB 0x000000060f000000| Untracked 
|  17|0x000000060f400000, 0x000000060f800000, 0x000000060f800000|100%| O|  |TAMS 0x000000060f400000| PB 0x000000060f400000| Untracked 
|  18|0x000000060f800000, 0x000000060fc00000, 0x000000060fc00000|100%| O|  |TAMS 0x000000060f800000| PB 0x000000060f800000| Untracked 
|  19|0x000000060fc00000, 0x0000000610000000, 0x0000000610000000|100%| O|  |TAMS 0x000000060fc00000| PB 0x000000060fc00000| Untracked 
|  20|0x0000000610000000, 0x0000000610400000, 0x0000000610400000|100%| O|  |TAMS 0x0000000610000000| PB 0x0000000610000000| Untracked 
|  21|0x0000000610400000, 0x0000000610800000, 0x0000000610800000|100%|HS|  |TAMS 0x0000000610400000| PB 0x0000000610400000| Complete 
|  22|0x0000000610800000, 0x0000000610c00000, 0x0000000610c00000|100%| O|  |TAMS 0x0000000610800000| PB 0x0000000610800000| Untracked 
|  23|0x0000000610c00000, 0x0000000611000000, 0x0000000611000000|100%|HS|  |TAMS 0x0000000610c00000| PB 0x0000000610c00000| Complete 
|  24|0x0000000611000000, 0x0000000611400000, 0x0000000611400000|100%| O|Cm|TAMS 0x0000000611000000| PB 0x0000000611000000| Complete 
|  25|0x0000000611400000, 0x0000000611800000, 0x0000000611800000|100%| O|  |TAMS 0x0000000611400000| PB 0x0000000611400000| Untracked 
|  26|0x0000000611800000, 0x0000000611c00000, 0x0000000611c00000|100%| O|  |TAMS 0x0000000611800000| PB 0x0000000611800000| Untracked 
|  27|0x0000000611c00000, 0x0000000612000000, 0x0000000612000000|100%| O|  |TAMS 0x0000000611c00000| PB 0x0000000611c00000| Untracked 
|  28|0x0000000612000000, 0x0000000612400000, 0x0000000612400000|100%| O|  |TAMS 0x0000000612000000| PB 0x0000000612000000| Untracked 
|  29|0x0000000612400000, 0x0000000612800000, 0x0000000612800000|100%| O|  |TAMS 0x0000000612400000| PB 0x0000000612400000| Untracked 
|  30|0x0000000612800000, 0x0000000612c00000, 0x0000000612c00000|100%| O|  |TAMS 0x0000000612800000| PB 0x0000000612800000| Untracked 
|  31|0x0000000612c00000, 0x0000000613000000, 0x0000000613000000|100%|HS|  |TAMS 0x0000000612c00000| PB 0x0000000612c00000| Complete 
|  32|0x0000000613000000, 0x0000000613400000, 0x0000000613400000|100%|HC|  |TAMS 0x0000000613000000| PB 0x0000000613000000| Complete 
|  33|0x0000000613400000, 0x0000000613800000, 0x0000000613800000|100%| O|  |TAMS 0x0000000613400000| PB 0x0000000613400000| Untracked 
|  34|0x0000000613800000, 0x0000000613c00000, 0x0000000613c00000|100%| O|  |TAMS 0x0000000613800000| PB 0x0000000613800000| Untracked 
|  35|0x0000000613c00000, 0x0000000614000000, 0x0000000614000000|100%|HS|  |TAMS 0x0000000613c00000| PB 0x0000000613c00000| Complete 
|  36|0x0000000614000000, 0x0000000614400000, 0x0000000614400000|100%|HS|  |TAMS 0x0000000614000000| PB 0x0000000614000000| Complete 
|  37|0x0000000614400000, 0x0000000614800000, 0x0000000614800000|100%|HC|  |TAMS 0x0000000614400000| PB 0x0000000614400000| Complete 
|  38|0x0000000614800000, 0x0000000614c00000, 0x0000000614c00000|100%|HS|  |TAMS 0x0000000614800000| PB 0x0000000614800000| Complete 
|  39|0x0000000614c00000, 0x0000000615000000, 0x0000000615000000|100%|HC|  |TAMS 0x0000000614c00000| PB 0x0000000614c00000| Complete 
|  40|0x0000000615000000, 0x0000000615400000, 0x0000000615400000|100%| O|  |TAMS 0x0000000615000000| PB 0x0000000615000000| Untracked 
|  41|0x0000000615400000, 0x0000000615400000, 0x0000000615800000|  0%| F|  |TAMS 0x0000000615400000| PB 0x0000000615400000| Untracked 
|  42|0x0000000615800000, 0x0000000615c00000, 0x0000000615c00000|100%| O|  |TAMS 0x0000000615800000| PB 0x0000000615800000| Untracked 
|  43|0x0000000615c00000, 0x0000000616000000, 0x0000000616000000|100%| O|  |TAMS 0x0000000615c00000| PB 0x0000000615c00000| Untracked 
|  44|0x0000000616000000, 0x0000000616000000, 0x0000000616400000|  0%| F|  |TAMS 0x0000000616000000| PB 0x0000000616000000| Untracked 
|  45|0x0000000616400000, 0x0000000616800000, 0x0000000616800000|100%| O|  |TAMS 0x0000000616400000| PB 0x0000000616400000| Untracked 
|  46|0x0000000616800000, 0x0000000616c00000, 0x0000000616c00000|100%| O|Cm|TAMS 0x0000000616800000| PB 0x0000000616800000| Complete 
|  47|0x0000000616c00000, 0x0000000616c00000, 0x0000000617000000|  0%| F|  |TAMS 0x0000000616c00000| PB 0x0000000616c00000| Untracked 
|  48|0x0000000617000000, 0x0000000617400000, 0x0000000617400000|100%| O|  |TAMS 0x0000000617000000| PB 0x0000000617000000| Untracked 
|  49|0x0000000617400000, 0x0000000617800000, 0x0000000617800000|100%| O|  |TAMS 0x0000000617400000| PB 0x0000000617400000| Untracked 
|  50|0x0000000617800000, 0x0000000617c00000, 0x0000000617c00000|100%| O|  |TAMS 0x0000000617800000| PB 0x0000000617800000| Untracked 
|  51|0x0000000617c00000, 0x0000000617c00000, 0x0000000618000000|  0%| F|  |TAMS 0x0000000617c00000| PB 0x0000000617c00000| Untracked 
|  52|0x0000000618000000, 0x0000000618400000, 0x0000000618400000|100%| O|  |TAMS 0x0000000618000000| PB 0x0000000618000000| Untracked 
|  53|0x0000000618400000, 0x0000000618800000, 0x0000000618800000|100%| O|  |TAMS 0x0000000618400000| PB 0x0000000618400000| Untracked 
|  54|0x0000000618800000, 0x0000000618c00000, 0x0000000618c00000|100%| O|  |TAMS 0x0000000618800000| PB 0x0000000618800000| Untracked 
|  55|0x0000000618c00000, 0x0000000619000000, 0x0000000619000000|100%| O|  |TAMS 0x0000000618c00000| PB 0x0000000618c00000| Untracked 
|  56|0x0000000619000000, 0x0000000619400000, 0x0000000619400000|100%| O|  |TAMS 0x0000000619000000| PB 0x0000000619000000| Untracked 
|  57|0x0000000619400000, 0x0000000619800000, 0x0000000619800000|100%| O|Cm|TAMS 0x0000000619400000| PB 0x0000000619400000| Complete 
|  58|0x0000000619800000, 0x0000000619c00000, 0x0000000619c00000|100%| O|  |TAMS 0x0000000619800000| PB 0x0000000619800000| Untracked 
|  59|0x0000000619c00000, 0x000000061a000000, 0x000000061a000000|100%| O|  |TAMS 0x0000000619c00000| PB 0x0000000619c00000| Untracked 
|  60|0x000000061a000000, 0x000000061a000000, 0x000000061a400000|  0%| F|  |TAMS 0x000000061a000000| PB 0x000000061a000000| Untracked 
|  61|0x000000061a400000, 0x000000061a800000, 0x000000061a800000|100%| O|  |TAMS 0x000000061a400000| PB 0x000000061a400000| Untracked 
|  62|0x000000061a800000, 0x000000061ac00000, 0x000000061ac00000|100%| O|  |TAMS 0x000000061a800000| PB 0x000000061a800000| Untracked 
|  63|0x000000061ac00000, 0x000000061b000000, 0x000000061b000000|100%| O|Cm|TAMS 0x000000061ac00000| PB 0x000000061ac00000| Complete 
|  64|0x000000061b000000, 0x000000061b000000, 0x000000061b400000|  0%| F|  |TAMS 0x000000061b000000| PB 0x000000061b000000| Untracked 
|  65|0x000000061b400000, 0x000000061b800000, 0x000000061b800000|100%| O|  |TAMS 0x000000061b400000| PB 0x000000061b400000| Untracked 
|  66|0x000000061b800000, 0x000000061bc00000, 0x000000061bc00000|100%| O|  |TAMS 0x000000061b800000| PB 0x000000061b800000| Untracked 
|  67|0x000000061bc00000, 0x000000061c000000, 0x000000061c000000|100%| O|  |TAMS 0x000000061bc00000| PB 0x000000061bc00000| Untracked 
|  68|0x000000061c000000, 0x000000061c400000, 0x000000061c400000|100%| O|  |TAMS 0x000000061c000000| PB 0x000000061c000000| Untracked 
|  69|0x000000061c400000, 0x000000061c800000, 0x000000061c800000|100%| O|  |TAMS 0x000000061c400000| PB 0x000000061c400000| Untracked 
|  70|0x000000061c800000, 0x000000061cc00000, 0x000000061cc00000|100%| O|  |TAMS 0x000000061c800000| PB 0x000000061c800000| Untracked 
|  71|0x000000061cc00000, 0x000000061d000000, 0x000000061d000000|100%| O|  |TAMS 0x000000061cc00000| PB 0x000000061cc00000| Untracked 
|  72|0x000000061d000000, 0x000000061d400000, 0x000000061d400000|100%| O|  |TAMS 0x000000061d000000| PB 0x000000061d000000| Untracked 
|  73|0x000000061d400000, 0x000000061d800000, 0x000000061d800000|100%| O|  |TAMS 0x000000061d400000| PB 0x000000061d400000| Untracked 
|  74|0x000000061d800000, 0x000000061dc00000, 0x000000061dc00000|100%| O|  |TAMS 0x000000061d800000| PB 0x000000061d800000| Untracked 
|  75|0x000000061dc00000, 0x000000061e000000, 0x000000061e000000|100%| O|  |TAMS 0x000000061dc00000| PB 0x000000061dc00000| Untracked 
|  76|0x000000061e000000, 0x000000061e400000, 0x000000061e400000|100%| O|  |TAMS 0x000000061e000000| PB 0x000000061e000000| Untracked 
|  77|0x000000061e400000, 0x000000061e800000, 0x000000061e800000|100%| O|  |TAMS 0x000000061e400000| PB 0x000000061e400000| Untracked 
|  78|0x000000061e800000, 0x000000061ec00000, 0x000000061ec00000|100%| O|  |TAMS 0x000000061e800000| PB 0x000000061e800000| Untracked 
|  79|0x000000061ec00000, 0x000000061f000000, 0x000000061f000000|100%| O|  |TAMS 0x000000061ec00000| PB 0x000000061ec00000| Untracked 
|  80|0x000000061f000000, 0x000000061f400000, 0x000000061f400000|100%| O|  |TAMS 0x000000061f000000| PB 0x000000061f000000| Untracked 
|  81|0x000000061f400000, 0x000000061f800000, 0x000000061f800000|100%| O|  |TAMS 0x000000061f400000| PB 0x000000061f400000| Untracked 
|  82|0x000000061f800000, 0x000000061fc00000, 0x000000061fc00000|100%| O|  |TAMS 0x000000061f800000| PB 0x000000061f800000| Untracked 
|  83|0x000000061fc00000, 0x0000000620000000, 0x0000000620000000|100%| O|  |TAMS 0x000000061fc00000| PB 0x000000061fc00000| Untracked 
|  84|0x0000000620000000, 0x0000000620400000, 0x0000000620400000|100%|HS|  |TAMS 0x0000000620000000| PB 0x0000000620000000| Complete 
|  85|0x0000000620400000, 0x0000000620800000, 0x0000000620800000|100%|HC|  |TAMS 0x0000000620400000| PB 0x0000000620400000| Complete 
|  86|0x0000000620800000, 0x0000000620c00000, 0x0000000620c00000|100%|HC|  |TAMS 0x0000000620800000| PB 0x0000000620800000| Complete 
|  87|0x0000000620c00000, 0x0000000621000000, 0x0000000621000000|100%| O|  |TAMS 0x0000000620c00000| PB 0x0000000620c00000| Untracked 
|  88|0x0000000621000000, 0x0000000621400000, 0x0000000621400000|100%| O|  |TAMS 0x0000000621000000| PB 0x0000000621000000| Untracked 
|  89|0x0000000621400000, 0x0000000621800000, 0x0000000621800000|100%| O|  |TAMS 0x0000000621400000| PB 0x0000000621400000| Untracked 
|  90|0x0000000621800000, 0x0000000621c00000, 0x0000000621c00000|100%| O|  |TAMS 0x0000000621800000| PB 0x0000000621800000| Untracked 
|  91|0x0000000621c00000, 0x0000000622000000, 0x0000000622000000|100%|HS|  |TAMS 0x0000000621c00000| PB 0x0000000621c00000| Complete 
|  92|0x0000000622000000, 0x0000000622400000, 0x0000000622400000|100%|HC|  |TAMS 0x0000000622000000| PB 0x0000000622000000| Complete 
|  93|0x0000000622400000, 0x0000000622800000, 0x0000000622800000|100%|HC|  |TAMS 0x0000000622400000| PB 0x0000000622400000| Complete 
|  94|0x0000000622800000, 0x0000000622c00000, 0x0000000622c00000|100%|HC|  |TAMS 0x0000000622800000| PB 0x0000000622800000| Complete 
|  95|0x0000000622c00000, 0x0000000623000000, 0x0000000623000000|100%| O|  |TAMS 0x0000000622c00000| PB 0x0000000622c00000| Untracked 
|  96|0x0000000623000000, 0x0000000623400000, 0x0000000623400000|100%| O|  |TAMS 0x0000000623000000| PB 0x0000000623000000| Untracked 
|  97|0x0000000623400000, 0x0000000623800000, 0x0000000623800000|100%| O|  |TAMS 0x0000000623400000| PB 0x0000000623400000| Untracked 
|  98|0x0000000623800000, 0x0000000623c00000, 0x0000000623c00000|100%| O|  |TAMS 0x0000000623800000| PB 0x0000000623800000| Untracked 
|  99|0x0000000623c00000, 0x0000000624000000, 0x0000000624000000|100%| O|Cm|TAMS 0x0000000623c00000| PB 0x0000000623c00000| Complete 
| 100|0x0000000624000000, 0x0000000624400000, 0x0000000624400000|100%| O|Cm|TAMS 0x0000000624000000| PB 0x0000000624000000| Complete 
| 101|0x0000000624400000, 0x0000000624800000, 0x0000000624800000|100%| O|  |TAMS 0x0000000624400000| PB 0x0000000624400000| Untracked 
| 102|0x0000000624800000, 0x0000000624c00000, 0x0000000624c00000|100%| O|  |TAMS 0x0000000624800000| PB 0x0000000624800000| Untracked 
| 103|0x0000000624c00000, 0x0000000625000000, 0x0000000625000000|100%| O|  |TAMS 0x0000000624c00000| PB 0x0000000624c00000| Untracked 
| 104|0x0000000625000000, 0x0000000625400000, 0x0000000625400000|100%| O|  |TAMS 0x0000000625000000| PB 0x0000000625000000| Untracked 
| 105|0x0000000625400000, 0x0000000625800000, 0x0000000625800000|100%| O|  |TAMS 0x0000000625400000| PB 0x0000000625400000| Untracked 
| 106|0x0000000625800000, 0x0000000625800000, 0x0000000625c00000|  0%| F|  |TAMS 0x0000000625800000| PB 0x0000000625800000| Untracked 
| 107|0x0000000625c00000, 0x0000000626000000, 0x0000000626000000|100%|HS|  |TAMS 0x0000000625c00000| PB 0x0000000625c00000| Complete 
| 108|0x0000000626000000, 0x0000000626400000, 0x0000000626400000|100%|HS|  |TAMS 0x0000000626000000| PB 0x0000000626000000| Complete 
| 109|0x0000000626400000, 0x0000000626800000, 0x0000000626800000|100%| O|  |TAMS 0x0000000626400000| PB 0x0000000626400000| Untracked 
| 110|0x0000000626800000, 0x0000000626800000, 0x0000000626c00000|  0%| F|  |TAMS 0x0000000626800000| PB 0x0000000626800000| Untracked 
| 111|0x0000000626c00000, 0x0000000626c00000, 0x0000000627000000|  0%| F|  |TAMS 0x0000000626c00000| PB 0x0000000626c00000| Untracked 
| 112|0x0000000627000000, 0x0000000627000000, 0x0000000627400000|  0%| F|  |TAMS 0x0000000627000000| PB 0x0000000627000000| Untracked 
| 113|0x0000000627400000, 0x0000000627800000, 0x0000000627800000|100%| O|Cm|TAMS 0x0000000627400000| PB 0x0000000627400000| Complete 
| 114|0x0000000627800000, 0x0000000627800000, 0x0000000627c00000|  0%| F|  |TAMS 0x0000000627800000| PB 0x0000000627800000| Untracked 
| 115|0x0000000627c00000, 0x0000000628000000, 0x0000000628000000|100%| O|  |TAMS 0x0000000627c00000| PB 0x0000000627c00000| Untracked 
| 116|0x0000000628000000, 0x0000000628400000, 0x0000000628400000|100%| O|  |TAMS 0x0000000628000000| PB 0x0000000628000000| Untracked 
| 117|0x0000000628400000, 0x0000000628400000, 0x0000000628800000|  0%| F|  |TAMS 0x0000000628400000| PB 0x0000000628400000| Untracked 
| 118|0x0000000628800000, 0x0000000628800000, 0x0000000628c00000|  0%| F|  |TAMS 0x0000000628800000| PB 0x0000000628800000| Untracked 
| 119|0x0000000628c00000, 0x0000000629000000, 0x0000000629000000|100%|HS|  |TAMS 0x0000000628c00000| PB 0x0000000628c00000| Complete 
| 120|0x0000000629000000, 0x0000000629400000, 0x0000000629400000|100%|HS|  |TAMS 0x0000000629000000| PB 0x0000000629000000| Complete 
| 121|0x0000000629400000, 0x0000000629800000, 0x0000000629800000|100%| O|Cm|TAMS 0x0000000629400000| PB 0x0000000629400000| Complete 
| 122|0x0000000629800000, 0x0000000629c00000, 0x0000000629c00000|100%| O|  |TAMS 0x0000000629800000| PB 0x0000000629800000| Untracked 
| 123|0x0000000629c00000, 0x000000062a000000, 0x000000062a000000|100%| O|  |TAMS 0x0000000629c00000| PB 0x0000000629c00000| Untracked 
| 124|0x000000062a000000, 0x000000062a400000, 0x000000062a400000|100%| O|  |TAMS 0x000000062a000000| PB 0x000000062a000000| Untracked 
| 125|0x000000062a400000, 0x000000062a800000, 0x000000062a800000|100%| O|  |TAMS 0x000000062a400000| PB 0x000000062a400000| Untracked 
| 126|0x000000062a800000, 0x000000062ac00000, 0x000000062ac00000|100%| O|  |TAMS 0x000000062a800000| PB 0x000000062a800000| Untracked 
| 127|0x000000062ac00000, 0x000000062b000000, 0x000000062b000000|100%| O|  |TAMS 0x000000062ac00000| PB 0x000000062ac00000| Untracked 
| 128|0x000000062b000000, 0x000000062b000000, 0x000000062b400000|  0%| F|  |TAMS 0x000000062b000000| PB 0x000000062b000000| Untracked 
| 129|0x000000062b400000, 0x000000062b400000, 0x000000062b800000|  0%| F|  |TAMS 0x000000062b400000| PB 0x000000062b400000| Untracked 
| 130|0x000000062b800000, 0x000000062b800000, 0x000000062bc00000|  0%| F|  |TAMS 0x000000062b800000| PB 0x000000062b800000| Untracked 
| 131|0x000000062bc00000, 0x000000062bc00000, 0x000000062c000000|  0%| F|  |TAMS 0x000000062bc00000| PB 0x000000062bc00000| Untracked 
| 132|0x000000062c000000, 0x000000062c400000, 0x000000062c400000|100%| O|  |TAMS 0x000000062c000000| PB 0x000000062c000000| Untracked 
| 133|0x000000062c400000, 0x000000062c800000, 0x000000062c800000|100%| O|  |TAMS 0x000000062c400000| PB 0x000000062c400000| Untracked 
| 134|0x000000062c800000, 0x000000062cc00000, 0x000000062cc00000|100%| O|  |TAMS 0x000000062c800000| PB 0x000000062c800000| Untracked 
| 135|0x000000062cc00000, 0x000000062d000000, 0x000000062d000000|100%| O|  |TAMS 0x000000062cc00000| PB 0x000000062cc00000| Untracked 
| 136|0x000000062d000000, 0x000000062d400000, 0x000000062d400000|100%| O|  |TAMS 0x000000062d000000| PB 0x000000062d000000| Untracked 
| 137|0x000000062d400000, 0x000000062d800000, 0x000000062d800000|100%| O|  |TAMS 0x000000062d400000| PB 0x000000062d400000| Untracked 
| 138|0x000000062d800000, 0x000000062dc00000, 0x000000062dc00000|100%| O|Cm|TAMS 0x000000062d800000| PB 0x000000062d800000| Complete 
| 139|0x000000062dc00000, 0x000000062dc00000, 0x000000062e000000|  0%| F|  |TAMS 0x000000062dc00000| PB 0x000000062dc00000| Untracked 
| 140|0x000000062e000000, 0x000000062e400000, 0x000000062e400000|100%| O|  |TAMS 0x000000062e000000| PB 0x000000062e000000| Untracked 
| 141|0x000000062e400000, 0x000000062e800000, 0x000000062e800000|100%| O|  |TAMS 0x000000062e400000| PB 0x000000062e400000| Untracked 
| 142|0x000000062e800000, 0x000000062ec00000, 0x000000062ec00000|100%| O|  |TAMS 0x000000062e800000| PB 0x000000062e800000| Untracked 
| 143|0x000000062ec00000, 0x000000062f000000, 0x000000062f000000|100%| O|  |TAMS 0x000000062ec00000| PB 0x000000062ec00000| Untracked 
| 144|0x000000062f000000, 0x000000062f400000, 0x000000062f400000|100%| O|  |TAMS 0x000000062f000000| PB 0x000000062f000000| Untracked 
| 145|0x000000062f400000, 0x000000062f800000, 0x000000062f800000|100%| O|  |TAMS 0x000000062f400000| PB 0x000000062f400000| Untracked 
| 146|0x000000062f800000, 0x000000062fc00000, 0x000000062fc00000|100%| O|  |TAMS 0x000000062f800000| PB 0x000000062f800000| Untracked 
| 147|0x000000062fc00000, 0x000000062fc00000, 0x0000000630000000|  0%| F|  |TAMS 0x000000062fc00000| PB 0x000000062fc00000| Untracked 
| 148|0x0000000630000000, 0x0000000630000000, 0x0000000630400000|  0%| F|  |TAMS 0x0000000630000000| PB 0x0000000630000000| Untracked 
| 149|0x0000000630400000, 0x0000000630800000, 0x0000000630800000|100%| S|CS|TAMS 0x0000000630400000| PB 0x0000000630400000| Complete 
| 150|0x0000000630800000, 0x0000000630c00000, 0x0000000630c00000|100%| O|Cm|TAMS 0x0000000630800000| PB 0x0000000630800000| Complete 
| 151|0x0000000630c00000, 0x0000000631000000, 0x0000000631000000|100%| O|  |TAMS 0x0000000630c00000| PB 0x0000000630c00000| Untracked 
| 152|0x0000000631000000, 0x0000000631400000, 0x0000000631400000|100%| S|CS|TAMS 0x0000000631000000| PB 0x0000000631000000| Complete 
| 153|0x0000000631400000, 0x0000000631400000, 0x0000000631800000|  0%| F|  |TAMS 0x0000000631400000| PB 0x0000000631400000| Untracked 
| 154|0x0000000631800000, 0x0000000631800000, 0x0000000631c00000|  0%| F|  |TAMS 0x0000000631800000| PB 0x0000000631800000| Untracked 
| 155|0x0000000631c00000, 0x0000000631c00000, 0x0000000632000000|  0%| F|  |TAMS 0x0000000631c00000| PB 0x0000000631c00000| Untracked 
| 156|0x0000000632000000, 0x0000000632000000, 0x0000000632400000|  0%| F|  |TAMS 0x0000000632000000| PB 0x0000000632000000| Untracked 
| 157|0x0000000632400000, 0x0000000632800000, 0x0000000632800000|100%| O|Cm|TAMS 0x0000000632400000| PB 0x0000000632400000| Complete 
| 158|0x0000000632800000, 0x0000000632c00000, 0x0000000632c00000|100%| O|  |TAMS 0x0000000632800000| PB 0x0000000632800000| Untracked 
| 159|0x0000000632c00000, 0x0000000633000000, 0x0000000633000000|100%| O|  |TAMS 0x0000000632c00000| PB 0x0000000632c00000| Untracked 
| 160|0x0000000633000000, 0x0000000633400000, 0x0000000633400000|100%| O|  |TAMS 0x0000000633000000| PB 0x0000000633000000| Untracked 
| 161|0x0000000633400000, 0x0000000633800000, 0x0000000633800000|100%| O|  |TAMS 0x0000000633400000| PB 0x0000000633400000| Untracked 
| 162|0x0000000633800000, 0x0000000633c00000, 0x0000000633c00000|100%| O|  |TAMS 0x0000000633800000| PB 0x0000000633800000| Untracked 
| 163|0x0000000633c00000, 0x0000000634000000, 0x0000000634000000|100%| O|  |TAMS 0x0000000633c00000| PB 0x0000000633c00000| Untracked 
| 164|0x0000000634000000, 0x0000000634400000, 0x0000000634400000|100%| O|  |TAMS 0x0000000634000000| PB 0x0000000634000000| Untracked 
| 165|0x0000000634400000, 0x0000000634800000, 0x0000000634800000|100%| O|  |TAMS 0x0000000634400000| PB 0x0000000634400000| Untracked 
| 166|0x0000000634800000, 0x0000000634c00000, 0x0000000634c00000|100%| O|Cm|TAMS 0x0000000634800000| PB 0x0000000634800000| Complete 
| 167|0x0000000634c00000, 0x0000000634c00000, 0x0000000635000000|  0%| F|  |TAMS 0x0000000634c00000| PB 0x0000000634c00000| Untracked 
| 168|0x0000000635000000, 0x0000000635000000, 0x0000000635400000|  0%| F|  |TAMS 0x0000000635000000| PB 0x0000000635000000| Untracked 
| 169|0x0000000635400000, 0x0000000635400000, 0x0000000635800000|  0%| F|  |TAMS 0x0000000635400000| PB 0x0000000635400000| Untracked 
| 170|0x0000000635800000, 0x0000000635c00000, 0x0000000635c00000|100%| O|  |TAMS 0x0000000635800000| PB 0x0000000635800000| Untracked 
| 171|0x0000000635c00000, 0x0000000636000000, 0x0000000636000000|100%| O|  |TAMS 0x0000000635c00000| PB 0x0000000635c00000| Untracked 
| 172|0x0000000636000000, 0x0000000636400000, 0x0000000636400000|100%| O|  |TAMS 0x0000000636000000| PB 0x0000000636000000| Untracked 
| 173|0x0000000636400000, 0x0000000636800000, 0x0000000636800000|100%| O|  |TAMS 0x0000000636400000| PB 0x0000000636400000| Untracked 
| 174|0x0000000636800000, 0x0000000636c00000, 0x0000000636c00000|100%| O|  |TAMS 0x0000000636800000| PB 0x0000000636800000| Untracked 
| 175|0x0000000636c00000, 0x0000000637000000, 0x0000000637000000|100%| O|  |TAMS 0x0000000636c00000| PB 0x0000000636c00000| Untracked 
| 176|0x0000000637000000, 0x0000000637400000, 0x0000000637400000|100%| O|  |TAMS 0x0000000637000000| PB 0x0000000637000000| Untracked 
| 177|0x0000000637400000, 0x0000000637800000, 0x0000000637800000|100%| O|  |TAMS 0x0000000637400000| PB 0x0000000637400000| Untracked 
| 178|0x0000000637800000, 0x0000000637c00000, 0x0000000637c00000|100%| O|  |TAMS 0x0000000637800000| PB 0x0000000637800000| Untracked 
| 179|0x0000000637c00000, 0x0000000638000000, 0x0000000638000000|100%| O|  |TAMS 0x0000000637c00000| PB 0x0000000637c00000| Untracked 
| 180|0x0000000638000000, 0x0000000638400000, 0x0000000638400000|100%| O|  |TAMS 0x0000000638000000| PB 0x0000000638000000| Untracked 
| 181|0x0000000638400000, 0x0000000638400000, 0x0000000638800000|  0%| F|  |TAMS 0x0000000638400000| PB 0x0000000638400000| Untracked 
| 182|0x0000000638800000, 0x0000000638800000, 0x0000000638c00000|  0%| F|  |TAMS 0x0000000638800000| PB 0x0000000638800000| Untracked 
| 183|0x0000000638c00000, 0x0000000639000000, 0x0000000639000000|100%| O|  |TAMS 0x0000000638c00000| PB 0x0000000638c00000| Untracked 
| 184|0x0000000639000000, 0x0000000639400000, 0x0000000639400000|100%| O|  |TAMS 0x0000000639000000| PB 0x0000000639000000| Untracked 
| 185|0x0000000639400000, 0x0000000639800000, 0x0000000639800000|100%| O|Cm|TAMS 0x0000000639400000| PB 0x0000000639400000| Complete 
| 186|0x0000000639800000, 0x0000000639c00000, 0x0000000639c00000|100%| O|  |TAMS 0x0000000639800000| PB 0x0000000639800000| Untracked 
| 187|0x0000000639c00000, 0x000000063a000000, 0x000000063a000000|100%| O|  |TAMS 0x0000000639c00000| PB 0x0000000639c00000| Untracked 
| 188|0x000000063a000000, 0x000000063a400000, 0x000000063a400000|100%| O|Cm|TAMS 0x000000063a000000| PB 0x000000063a000000| Complete 
| 189|0x000000063a400000, 0x000000063a800000, 0x000000063a800000|100%| S|CS|TAMS 0x000000063a400000| PB 0x000000063a400000| Complete 
| 190|0x000000063a800000, 0x000000063ac00000, 0x000000063ac00000|100%| S|CS|TAMS 0x000000063a800000| PB 0x000000063a800000| Complete 
| 191|0x000000063ac00000, 0x000000063b000000, 0x000000063b000000|100%| S|CS|TAMS 0x000000063ac00000| PB 0x000000063ac00000| Complete 
| 192|0x000000063b000000, 0x000000063b400000, 0x000000063b400000|100%| O|  |TAMS 0x000000063b000000| PB 0x000000063b000000| Untracked 
| 193|0x000000063b400000, 0x000000063b800000, 0x000000063b800000|100%| O|  |TAMS 0x000000063b400000| PB 0x000000063b400000| Untracked 
| 194|0x000000063b800000, 0x000000063bc00000, 0x000000063bc00000|100%| O|  |TAMS 0x000000063b800000| PB 0x000000063b800000| Untracked 
| 195|0x000000063bc00000, 0x000000063c000000, 0x000000063c000000|100%| O|  |TAMS 0x000000063bc00000| PB 0x000000063bc00000| Untracked 
| 196|0x000000063c000000, 0x000000063c400000, 0x000000063c400000|100%| S|CS|TAMS 0x000000063c000000| PB 0x000000063c000000| Complete 
| 197|0x000000063c400000, 0x000000063c800000, 0x000000063c800000|100%| S|CS|TAMS 0x000000063c400000| PB 0x000000063c400000| Complete 
| 198|0x000000063c800000, 0x000000063cc00000, 0x000000063cc00000|100%| O|  |TAMS 0x000000063c800000| PB 0x000000063c800000| Untracked 
| 199|0x000000063cc00000, 0x000000063d000000, 0x000000063d000000|100%| S|CS|TAMS 0x000000063cc00000| PB 0x000000063cc00000| Complete 
| 200|0x000000063d000000, 0x000000063d400000, 0x000000063d400000|100%| S|CS|TAMS 0x000000063d000000| PB 0x000000063d000000| Complete 
| 201|0x000000063d400000, 0x000000063d800000, 0x000000063d800000|100%| S|CS|TAMS 0x000000063d400000| PB 0x000000063d400000| Complete 
| 202|0x000000063d800000, 0x000000063dc00000, 0x000000063dc00000|100%| S|CS|TAMS 0x000000063d800000| PB 0x000000063d800000| Complete 
| 203|0x000000063dc00000, 0x000000063e000000, 0x000000063e000000|100%| S|CS|TAMS 0x000000063dc00000| PB 0x000000063dc00000| Complete 
| 204|0x000000063e000000, 0x000000063e400000, 0x000000063e400000|100%| S|CS|TAMS 0x000000063e000000| PB 0x000000063e000000| Complete 
| 205|0x000000063e400000, 0x000000063e800000, 0x000000063e800000|100%| S|CS|TAMS 0x000000063e400000| PB 0x000000063e400000| Complete 
| 206|0x000000063e800000, 0x000000063ec00000, 0x000000063ec00000|100%| S|CS|TAMS 0x000000063e800000| PB 0x000000063e800000| Complete 
| 207|0x000000063ec00000, 0x000000063f000000, 0x000000063f000000|100%| S|CS|TAMS 0x000000063ec00000| PB 0x000000063ec00000| Complete 
| 208|0x000000063f000000, 0x000000063f400000, 0x000000063f400000|100%| S|CS|TAMS 0x000000063f000000| PB 0x000000063f000000| Complete 
| 209|0x000000063f400000, 0x000000063f800000, 0x000000063f800000|100%| O|  |TAMS 0x000000063f400000| PB 0x000000063f400000| Untracked 
| 210|0x000000063f800000, 0x000000063fc00000, 0x000000063fc00000|100%| O|  |TAMS 0x000000063f800000| PB 0x000000063f800000| Untracked 
| 211|0x000000063fc00000, 0x0000000640000000, 0x0000000640000000|100%| O|  |TAMS 0x000000063fc00000| PB 0x000000063fc00000| Untracked 
| 212|0x0000000640000000, 0x0000000640400000, 0x0000000640400000|100%| O|  |TAMS 0x0000000640000000| PB 0x0000000640000000| Untracked 
| 213|0x0000000640400000, 0x0000000640800000, 0x0000000640800000|100%| O|  |TAMS 0x0000000640400000| PB 0x0000000640400000| Untracked 
| 214|0x0000000640800000, 0x0000000640c00000, 0x0000000640c00000|100%| O|  |TAMS 0x0000000640800000| PB 0x0000000640800000| Untracked 
| 215|0x0000000640c00000, 0x0000000641000000, 0x0000000641000000|100%| O|  |TAMS 0x0000000640c00000| PB 0x0000000640c00000| Untracked 
| 216|0x0000000641000000, 0x0000000641400000, 0x0000000641400000|100%| O|  |TAMS 0x0000000641000000| PB 0x0000000641000000| Untracked 
| 217|0x0000000641400000, 0x0000000641800000, 0x0000000641800000|100%| O|  |TAMS 0x0000000641400000| PB 0x0000000641400000| Untracked 
| 218|0x0000000641800000, 0x0000000641c00000, 0x0000000641c00000|100%| O|  |TAMS 0x0000000641800000| PB 0x0000000641800000| Untracked 
| 219|0x0000000641c00000, 0x0000000642000000, 0x0000000642000000|100%| O|  |TAMS 0x0000000641c00000| PB 0x0000000641c00000| Untracked 
| 220|0x0000000642000000, 0x0000000642400000, 0x0000000642400000|100%| O|  |TAMS 0x0000000642000000| PB 0x0000000642000000| Untracked 
| 221|0x0000000642400000, 0x0000000642800000, 0x0000000642800000|100%| O|  |TAMS 0x0000000642400000| PB 0x0000000642400000| Untracked 
| 222|0x0000000642800000, 0x0000000642c00000, 0x0000000642c00000|100%| O|  |TAMS 0x0000000642800000| PB 0x0000000642800000| Untracked 
| 223|0x0000000642c00000, 0x0000000643000000, 0x0000000643000000|100%| O|  |TAMS 0x0000000642c00000| PB 0x0000000642c00000| Untracked 
| 224|0x0000000643000000, 0x0000000643400000, 0x0000000643400000|100%| O|  |TAMS 0x0000000643000000| PB 0x0000000643000000| Untracked 
| 225|0x0000000643400000, 0x0000000643800000, 0x0000000643800000|100%| O|  |TAMS 0x0000000643400000| PB 0x0000000643400000| Untracked 
| 226|0x0000000643800000, 0x0000000643c00000, 0x0000000643c00000|100%| O|  |TAMS 0x0000000643800000| PB 0x0000000643800000| Untracked 
| 227|0x0000000643c00000, 0x0000000644000000, 0x0000000644000000|100%| O|  |TAMS 0x0000000643c00000| PB 0x0000000643c00000| Untracked 
| 228|0x0000000644000000, 0x0000000644000000, 0x0000000644400000|  0%| F|  |TAMS 0x0000000644000000| PB 0x0000000644000000| Untracked 
| 229|0x0000000644400000, 0x0000000644800000, 0x0000000644800000|100%| O|  |TAMS 0x0000000644400000| PB 0x0000000644400000| Untracked 
| 230|0x0000000644800000, 0x0000000644c00000, 0x0000000644c00000|100%| S|CS|TAMS 0x0000000644800000| PB 0x0000000644800000| Complete 
| 231|0x0000000644c00000, 0x0000000645000000, 0x0000000645000000|100%|HS|  |TAMS 0x0000000644c00000| PB 0x0000000644c00000| Complete 
| 232|0x0000000645000000, 0x0000000645400000, 0x0000000645400000|100%|HC|  |TAMS 0x0000000645000000| PB 0x0000000645000000| Complete 
| 233|0x0000000645400000, 0x0000000645800000, 0x0000000645800000|100%|HC|  |TAMS 0x0000000645400000| PB 0x0000000645400000| Complete 
| 234|0x0000000645800000, 0x0000000645c00000, 0x0000000645c00000|100%|HC|  |TAMS 0x0000000645800000| PB 0x0000000645800000| Complete 
| 235|0x0000000645c00000, 0x0000000646000000, 0x0000000646000000|100%|HC|  |TAMS 0x0000000645c00000| PB 0x0000000645c00000| Complete 
| 236|0x0000000646000000, 0x0000000646400000, 0x0000000646400000|100%|HC|  |TAMS 0x0000000646000000| PB 0x0000000646000000| Complete 
| 237|0x0000000646400000, 0x0000000646400000, 0x0000000646800000|  0%| F|  |TAMS 0x0000000646400000| PB 0x0000000646400000| Untracked 
| 238|0x0000000646800000, 0x0000000646800000, 0x0000000646c00000|  0%| F|  |TAMS 0x0000000646800000| PB 0x0000000646800000| Untracked 
| 239|0x0000000646c00000, 0x0000000646c00000, 0x0000000647000000|  0%| F|  |TAMS 0x0000000646c00000| PB 0x0000000646c00000| Untracked 
| 240|0x0000000647000000, 0x0000000647000000, 0x0000000647400000|  0%| F|  |TAMS 0x0000000647000000| PB 0x0000000647000000| Untracked 
| 241|0x0000000647400000, 0x0000000647400000, 0x0000000647800000|  0%| F|  |TAMS 0x0000000647400000| PB 0x0000000647400000| Untracked 
| 242|0x0000000647800000, 0x0000000647800000, 0x0000000647c00000|  0%| F|  |TAMS 0x0000000647800000| PB 0x0000000647800000| Untracked 
| 243|0x0000000647c00000, 0x0000000648000000, 0x0000000648000000|100%| E|  |TAMS 0x0000000647c00000| PB 0x0000000647c00000| Complete 
| 244|0x0000000648000000, 0x0000000648400000, 0x0000000648400000|100%| E|CS|TAMS 0x0000000648000000| PB 0x0000000648000000| Complete 
| 245|0x0000000648400000, 0x0000000648800000, 0x0000000648800000|100%| S|CS|TAMS 0x0000000648400000| PB 0x0000000648400000| Complete 
| 246|0x0000000648800000, 0x0000000648c00000, 0x0000000648c00000|100%|HS|  |TAMS 0x0000000648800000| PB 0x0000000648800000| Complete 
| 247|0x0000000648c00000, 0x0000000649000000, 0x0000000649000000|100%|HC|  |TAMS 0x0000000648c00000| PB 0x0000000648c00000| Complete 
| 248|0x0000000649000000, 0x0000000649400000, 0x0000000649400000|100%|HC|  |TAMS 0x0000000649000000| PB 0x0000000649000000| Complete 
| 249|0x0000000649400000, 0x0000000649800000, 0x0000000649800000|100%|HC|  |TAMS 0x0000000649400000| PB 0x0000000649400000| Complete 
| 250|0x0000000649800000, 0x0000000649c00000, 0x0000000649c00000|100%|HC|  |TAMS 0x0000000649800000| PB 0x0000000649800000| Complete 
| 251|0x0000000649c00000, 0x000000064a000000, 0x000000064a000000|100%|HC|  |TAMS 0x0000000649c00000| PB 0x0000000649c00000| Complete 
| 252|0x000000064a000000, 0x000000064a400000, 0x000000064a400000|100%|HC|  |TAMS 0x000000064a000000| PB 0x000000064a000000| Complete 
| 253|0x000000064a400000, 0x000000064a800000, 0x000000064a800000|100%|HC|  |TAMS 0x000000064a400000| PB 0x000000064a400000| Complete 
| 254|0x000000064a800000, 0x000000064ac00000, 0x000000064ac00000|100%|HC|  |TAMS 0x000000064a800000| PB 0x000000064a800000| Complete 
| 255|0x000000064ac00000, 0x000000064b000000, 0x000000064b000000|100%| E|CS|TAMS 0x000000064ac00000| PB 0x000000064ac00000| Complete 
| 256|0x000000064b000000, 0x000000064b400000, 0x000000064b400000|100%| E|CS|TAMS 0x000000064b000000| PB 0x000000064b000000| Complete 
| 257|0x000000064b400000, 0x000000064b800000, 0x000000064b800000|100%| E|CS|TAMS 0x000000064b400000| PB 0x000000064b400000| Complete 
| 258|0x000000064b800000, 0x000000064bc00000, 0x000000064bc00000|100%| E|CS|TAMS 0x000000064b800000| PB 0x000000064b800000| Complete 
| 259|0x000000064bc00000, 0x000000064c000000, 0x000000064c000000|100%| E|CS|TAMS 0x000000064bc00000| PB 0x000000064bc00000| Complete 
| 260|0x000000064c000000, 0x000000064c400000, 0x000000064c400000|100%| E|CS|TAMS 0x000000064c000000| PB 0x000000064c000000| Complete 
| 261|0x000000064c400000, 0x000000064c800000, 0x000000064c800000|100%| E|CS|TAMS 0x000000064c400000| PB 0x000000064c400000| Complete 
| 262|0x000000064c800000, 0x000000064cc00000, 0x000000064cc00000|100%| E|CS|TAMS 0x000000064c800000| PB 0x000000064c800000| Complete 
| 263|0x000000064cc00000, 0x000000064d000000, 0x000000064d000000|100%| E|CS|TAMS 0x000000064cc00000| PB 0x000000064cc00000| Complete 
| 264|0x000000064d000000, 0x000000064d400000, 0x000000064d400000|100%| E|CS|TAMS 0x000000064d000000| PB 0x000000064d000000| Complete 
| 265|0x000000064d400000, 0x000000064d800000, 0x000000064d800000|100%| E|CS|TAMS 0x000000064d400000| PB 0x000000064d400000| Complete 
| 266|0x000000064d800000, 0x000000064dc00000, 0x000000064dc00000|100%| E|CS|TAMS 0x000000064d800000| PB 0x000000064d800000| Complete 
| 267|0x000000064dc00000, 0x000000064e000000, 0x000000064e000000|100%| E|CS|TAMS 0x000000064dc00000| PB 0x000000064dc00000| Complete 
| 268|0x000000064e000000, 0x000000064e400000, 0x000000064e400000|100%| E|CS|TAMS 0x000000064e000000| PB 0x000000064e000000| Complete 
| 269|0x000000064e400000, 0x000000064e800000, 0x000000064e800000|100%| E|CS|TAMS 0x000000064e400000| PB 0x000000064e400000| Complete 
| 270|0x000000064e800000, 0x000000064ec00000, 0x000000064ec00000|100%| E|CS|TAMS 0x000000064e800000| PB 0x000000064e800000| Complete 
| 271|0x000000064ec00000, 0x000000064f000000, 0x000000064f000000|100%| E|CS|TAMS 0x000000064ec00000| PB 0x000000064ec00000| Complete 
| 272|0x000000064f000000, 0x000000064f400000, 0x000000064f400000|100%| E|CS|TAMS 0x000000064f000000| PB 0x000000064f000000| Complete 
| 273|0x000000064f400000, 0x000000064f800000, 0x000000064f800000|100%| E|CS|TAMS 0x000000064f400000| PB 0x000000064f400000| Complete 
| 274|0x000000064f800000, 0x000000064fc00000, 0x000000064fc00000|100%| E|CS|TAMS 0x000000064f800000| PB 0x000000064f800000| Complete 
| 275|0x000000064fc00000, 0x0000000650000000, 0x0000000650000000|100%| E|CS|TAMS 0x000000064fc00000| PB 0x000000064fc00000| Complete 
| 276|0x0000000650000000, 0x0000000650400000, 0x0000000650400000|100%| E|CS|TAMS 0x0000000650000000| PB 0x0000000650000000| Complete 
| 277|0x0000000650400000, 0x0000000650800000, 0x0000000650800000|100%| E|CS|TAMS 0x0000000650400000| PB 0x0000000650400000| Complete 
| 278|0x0000000650800000, 0x0000000650c00000, 0x0000000650c00000|100%| E|CS|TAMS 0x0000000650800000| PB 0x0000000650800000| Complete 
| 279|0x0000000650c00000, 0x0000000651000000, 0x0000000651000000|100%| E|CS|TAMS 0x0000000650c00000| PB 0x0000000650c00000| Complete 
| 280|0x0000000651000000, 0x0000000651400000, 0x0000000651400000|100%| E|CS|TAMS 0x0000000651000000| PB 0x0000000651000000| Complete 
| 281|0x0000000651400000, 0x0000000651800000, 0x0000000651800000|100%| E|CS|TAMS 0x0000000651400000| PB 0x0000000651400000| Complete 
| 282|0x0000000651800000, 0x0000000651c00000, 0x0000000651c00000|100%| E|CS|TAMS 0x0000000651800000| PB 0x0000000651800000| Complete 
| 283|0x0000000651c00000, 0x0000000652000000, 0x0000000652000000|100%| E|CS|TAMS 0x0000000651c00000| PB 0x0000000651c00000| Complete 
| 284|0x0000000652000000, 0x0000000652400000, 0x0000000652400000|100%| E|CS|TAMS 0x0000000652000000| PB 0x0000000652000000| Complete 
| 285|0x0000000652400000, 0x0000000652800000, 0x0000000652800000|100%| E|CS|TAMS 0x0000000652400000| PB 0x0000000652400000| Complete 
| 286|0x0000000652800000, 0x0000000652c00000, 0x0000000652c00000|100%| E|CS|TAMS 0x0000000652800000| PB 0x0000000652800000| Complete 
| 287|0x0000000652c00000, 0x0000000653000000, 0x0000000653000000|100%| E|CS|TAMS 0x0000000652c00000| PB 0x0000000652c00000| Complete 
| 288|0x0000000653000000, 0x0000000653400000, 0x0000000653400000|100%| E|CS|TAMS 0x0000000653000000| PB 0x0000000653000000| Complete 
| 289|0x0000000653400000, 0x0000000653800000, 0x0000000653800000|100%| E|CS|TAMS 0x0000000653400000| PB 0x0000000653400000| Complete 
| 290|0x0000000653800000, 0x0000000653c00000, 0x0000000653c00000|100%| E|CS|TAMS 0x0000000653800000| PB 0x0000000653800000| Complete 
| 291|0x0000000653c00000, 0x0000000654000000, 0x0000000654000000|100%| E|CS|TAMS 0x0000000653c00000| PB 0x0000000653c00000| Complete 
| 292|0x0000000654000000, 0x0000000654400000, 0x0000000654400000|100%| E|CS|TAMS 0x0000000654000000| PB 0x0000000654000000| Complete 
| 293|0x0000000654400000, 0x0000000654800000, 0x0000000654800000|100%| E|CS|TAMS 0x0000000654400000| PB 0x0000000654400000| Complete 
| 294|0x0000000654800000, 0x0000000654c00000, 0x0000000654c00000|100%| E|CS|TAMS 0x0000000654800000| PB 0x0000000654800000| Complete 
| 295|0x0000000654c00000, 0x0000000655000000, 0x0000000655000000|100%| E|CS|TAMS 0x0000000654c00000| PB 0x0000000654c00000| Complete 
| 296|0x0000000655000000, 0x0000000655400000, 0x0000000655400000|100%| E|CS|TAMS 0x0000000655000000| PB 0x0000000655000000| Complete 
| 297|0x0000000655400000, 0x0000000655800000, 0x0000000655800000|100%| E|CS|TAMS 0x0000000655400000| PB 0x0000000655400000| Complete 
| 298|0x0000000655800000, 0x0000000655c00000, 0x0000000655c00000|100%| E|CS|TAMS 0x0000000655800000| PB 0x0000000655800000| Complete 
| 299|0x0000000655c00000, 0x0000000656000000, 0x0000000656000000|100%| E|CS|TAMS 0x0000000655c00000| PB 0x0000000655c00000| Complete 
| 300|0x0000000656000000, 0x0000000656400000, 0x0000000656400000|100%| E|  |TAMS 0x0000000656000000| PB 0x0000000656000000| Complete 
| 301|0x0000000656400000, 0x0000000656800000, 0x0000000656800000|100%| E|CS|TAMS 0x0000000656400000| PB 0x0000000656400000| Complete 
| 302|0x0000000656800000, 0x0000000656c00000, 0x0000000656c00000|100%| E|CS|TAMS 0x0000000656800000| PB 0x0000000656800000| Complete 
| 303|0x0000000656c00000, 0x0000000657000000, 0x0000000657000000|100%| E|CS|TAMS 0x0000000656c00000| PB 0x0000000656c00000| Complete 
| 304|0x0000000657000000, 0x0000000657400000, 0x0000000657400000|100%| E|CS|TAMS 0x0000000657000000| PB 0x0000000657000000| Complete 
| 305|0x0000000657400000, 0x0000000657800000, 0x0000000657800000|100%| E|CS|TAMS 0x0000000657400000| PB 0x0000000657400000| Complete 
| 306|0x0000000657800000, 0x0000000657c00000, 0x0000000657c00000|100%| E|CS|TAMS 0x0000000657800000| PB 0x0000000657800000| Complete 
| 307|0x0000000657c00000, 0x0000000658000000, 0x0000000658000000|100%| E|CS|TAMS 0x0000000657c00000| PB 0x0000000657c00000| Complete 
| 308|0x0000000658000000, 0x0000000658400000, 0x0000000658400000|100%| E|CS|TAMS 0x0000000658000000| PB 0x0000000658000000| Complete 
| 309|0x0000000658400000, 0x0000000658800000, 0x0000000658800000|100%| E|CS|TAMS 0x0000000658400000| PB 0x0000000658400000| Complete 
| 310|0x0000000658800000, 0x0000000658c00000, 0x0000000658c00000|100%| E|CS|TAMS 0x0000000658800000| PB 0x0000000658800000| Complete 
| 311|0x0000000658c00000, 0x0000000659000000, 0x0000000659000000|100%| E|CS|TAMS 0x0000000658c00000| PB 0x0000000658c00000| Complete 
| 312|0x0000000659000000, 0x0000000659400000, 0x0000000659400000|100%| E|CS|TAMS 0x0000000659000000| PB 0x0000000659000000| Complete 
| 313|0x0000000659400000, 0x0000000659800000, 0x0000000659800000|100%| E|CS|TAMS 0x0000000659400000| PB 0x0000000659400000| Complete 
| 314|0x0000000659800000, 0x0000000659c00000, 0x0000000659c00000|100%| E|CS|TAMS 0x0000000659800000| PB 0x0000000659800000| Complete 
| 315|0x0000000659c00000, 0x000000065a000000, 0x000000065a000000|100%| E|CS|TAMS 0x0000000659c00000| PB 0x0000000659c00000| Complete 
| 316|0x000000065a000000, 0x000000065a400000, 0x000000065a400000|100%| E|CS|TAMS 0x000000065a000000| PB 0x000000065a000000| Complete 
| 317|0x000000065a400000, 0x000000065a800000, 0x000000065a800000|100%| E|CS|TAMS 0x000000065a400000| PB 0x000000065a400000| Complete 
| 318|0x000000065a800000, 0x000000065ac00000, 0x000000065ac00000|100%| E|CS|TAMS 0x000000065a800000| PB 0x000000065a800000| Complete 
| 319|0x000000065ac00000, 0x000000065b000000, 0x000000065b000000|100%| E|CS|TAMS 0x000000065ac00000| PB 0x000000065ac00000| Complete 
| 320|0x000000065b000000, 0x000000065b400000, 0x000000065b400000|100%| E|CS|TAMS 0x000000065b000000| PB 0x000000065b000000| Complete 
| 321|0x000000065b400000, 0x000000065b800000, 0x000000065b800000|100%| E|CS|TAMS 0x000000065b400000| PB 0x000000065b400000| Complete 
| 322|0x000000065b800000, 0x000000065bc00000, 0x000000065bc00000|100%| E|CS|TAMS 0x000000065b800000| PB 0x000000065b800000| Complete 
| 323|0x000000065bc00000, 0x000000065c000000, 0x000000065c000000|100%| E|CS|TAMS 0x000000065bc00000| PB 0x000000065bc00000| Complete 
| 324|0x000000065c000000, 0x000000065c400000, 0x000000065c400000|100%| E|CS|TAMS 0x000000065c000000| PB 0x000000065c000000| Complete 
| 325|0x000000065c400000, 0x000000065c800000, 0x000000065c800000|100%| E|CS|TAMS 0x000000065c400000| PB 0x000000065c400000| Complete 
| 326|0x000000065c800000, 0x000000065cc00000, 0x000000065cc00000|100%| E|CS|TAMS 0x000000065c800000| PB 0x000000065c800000| Complete 
| 327|0x000000065cc00000, 0x000000065d000000, 0x000000065d000000|100%| E|CS|TAMS 0x000000065cc00000| PB 0x000000065cc00000| Complete 
| 328|0x000000065d000000, 0x000000065d400000, 0x000000065d400000|100%| E|CS|TAMS 0x000000065d000000| PB 0x000000065d000000| Complete 
| 329|0x000000065d400000, 0x000000065d800000, 0x000000065d800000|100%| E|CS|TAMS 0x000000065d400000| PB 0x000000065d400000| Complete 
| 330|0x000000065d800000, 0x000000065dc00000, 0x000000065dc00000|100%| E|CS|TAMS 0x000000065d800000| PB 0x000000065d800000| Complete 
| 331|0x000000065dc00000, 0x000000065e000000, 0x000000065e000000|100%| E|CS|TAMS 0x000000065dc00000| PB 0x000000065dc00000| Complete 
| 332|0x000000065e000000, 0x000000065e400000, 0x000000065e400000|100%| E|CS|TAMS 0x000000065e000000| PB 0x000000065e000000| Complete 
| 333|0x000000065e400000, 0x000000065e800000, 0x000000065e800000|100%| E|CS|TAMS 0x000000065e400000| PB 0x000000065e400000| Complete 
| 334|0x000000065e800000, 0x000000065ec00000, 0x000000065ec00000|100%| E|CS|TAMS 0x000000065e800000| PB 0x000000065e800000| Complete 
| 335|0x000000065ec00000, 0x000000065f000000, 0x000000065f000000|100%| E|CS|TAMS 0x000000065ec00000| PB 0x000000065ec00000| Complete 
| 336|0x000000065f000000, 0x000000065f400000, 0x000000065f400000|100%| E|CS|TAMS 0x000000065f000000| PB 0x000000065f000000| Complete 
| 337|0x000000065f400000, 0x000000065f800000, 0x000000065f800000|100%| E|CS|TAMS 0x000000065f400000| PB 0x000000065f400000| Complete 
| 338|0x000000065f800000, 0x000000065fc00000, 0x000000065fc00000|100%| E|CS|TAMS 0x000000065f800000| PB 0x000000065f800000| Complete 
| 339|0x000000065fc00000, 0x0000000660000000, 0x0000000660000000|100%| E|CS|TAMS 0x000000065fc00000| PB 0x000000065fc00000| Complete 
| 340|0x0000000660000000, 0x0000000660400000, 0x0000000660400000|100%| E|CS|TAMS 0x0000000660000000| PB 0x0000000660000000| Complete 
| 341|0x0000000660400000, 0x0000000660800000, 0x0000000660800000|100%| E|CS|TAMS 0x0000000660400000| PB 0x0000000660400000| Complete 
| 342|0x0000000660800000, 0x0000000660c00000, 0x0000000660c00000|100%| E|CS|TAMS 0x0000000660800000| PB 0x0000000660800000| Complete 
| 343|0x0000000660c00000, 0x0000000661000000, 0x0000000661000000|100%| E|CS|TAMS 0x0000000660c00000| PB 0x0000000660c00000| Complete 
| 344|0x0000000661000000, 0x0000000661400000, 0x0000000661400000|100%| E|CS|TAMS 0x0000000661000000| PB 0x0000000661000000| Complete 
| 345|0x0000000661400000, 0x0000000661800000, 0x0000000661800000|100%| E|CS|TAMS 0x0000000661400000| PB 0x0000000661400000| Complete 
| 346|0x0000000661800000, 0x0000000661c00000, 0x0000000661c00000|100%| E|CS|TAMS 0x0000000661800000| PB 0x0000000661800000| Complete 
| 347|0x0000000661c00000, 0x0000000662000000, 0x0000000662000000|100%| E|CS|TAMS 0x0000000661c00000| PB 0x0000000661c00000| Complete 
| 348|0x0000000662000000, 0x0000000662400000, 0x0000000662400000|100%| E|CS|TAMS 0x0000000662000000| PB 0x0000000662000000| Complete 
| 349|0x0000000662400000, 0x0000000662800000, 0x0000000662800000|100%| E|CS|TAMS 0x0000000662400000| PB 0x0000000662400000| Complete 
| 350|0x0000000662800000, 0x0000000662c00000, 0x0000000662c00000|100%| E|CS|TAMS 0x0000000662800000| PB 0x0000000662800000| Complete 
| 351|0x0000000662c00000, 0x0000000663000000, 0x0000000663000000|100%| E|CS|TAMS 0x0000000662c00000| PB 0x0000000662c00000| Complete 
| 352|0x0000000663000000, 0x0000000663400000, 0x0000000663400000|100%| E|CS|TAMS 0x0000000663000000| PB 0x0000000663000000| Complete 
| 353|0x0000000663400000, 0x0000000663800000, 0x0000000663800000|100%| E|CS|TAMS 0x0000000663400000| PB 0x0000000663400000| Complete 
| 354|0x0000000663800000, 0x0000000663c00000, 0x0000000663c00000|100%| E|CS|TAMS 0x0000000663800000| PB 0x0000000663800000| Complete 
| 355|0x0000000663c00000, 0x0000000664000000, 0x0000000664000000|100%| E|CS|TAMS 0x0000000663c00000| PB 0x0000000663c00000| Complete 
| 356|0x0000000664000000, 0x0000000664400000, 0x0000000664400000|100%| E|CS|TAMS 0x0000000664000000| PB 0x0000000664000000| Complete 
| 357|0x0000000664400000, 0x0000000664800000, 0x0000000664800000|100%| E|CS|TAMS 0x0000000664400000| PB 0x0000000664400000| Complete 
| 358|0x0000000664800000, 0x0000000664c00000, 0x0000000664c00000|100%| E|CS|TAMS 0x0000000664800000| PB 0x0000000664800000| Complete 
| 359|0x0000000664c00000, 0x0000000665000000, 0x0000000665000000|100%| E|CS|TAMS 0x0000000664c00000| PB 0x0000000664c00000| Complete 
| 360|0x0000000665000000, 0x0000000665400000, 0x0000000665400000|100%| E|CS|TAMS 0x0000000665000000| PB 0x0000000665000000| Complete 
| 361|0x0000000665400000, 0x0000000665800000, 0x0000000665800000|100%| E|CS|TAMS 0x0000000665400000| PB 0x0000000665400000| Complete 
| 362|0x0000000665800000, 0x0000000665c00000, 0x0000000665c00000|100%| E|CS|TAMS 0x0000000665800000| PB 0x0000000665800000| Complete 
| 363|0x0000000665c00000, 0x0000000666000000, 0x0000000666000000|100%| E|CS|TAMS 0x0000000665c00000| PB 0x0000000665c00000| Complete 
| 364|0x0000000666000000, 0x0000000666400000, 0x0000000666400000|100%| E|CS|TAMS 0x0000000666000000| PB 0x0000000666000000| Complete 
| 365|0x0000000666400000, 0x0000000666800000, 0x0000000666800000|100%| E|CS|TAMS 0x0000000666400000| PB 0x0000000666400000| Complete 
| 366|0x0000000666800000, 0x0000000666c00000, 0x0000000666c00000|100%| E|CS|TAMS 0x0000000666800000| PB 0x0000000666800000| Complete 
| 367|0x0000000666c00000, 0x0000000667000000, 0x0000000667000000|100%| E|CS|TAMS 0x0000000666c00000| PB 0x0000000666c00000| Complete 
| 368|0x0000000667000000, 0x0000000667400000, 0x0000000667400000|100%| E|CS|TAMS 0x0000000667000000| PB 0x0000000667000000| Complete 
| 369|0x0000000667400000, 0x0000000667800000, 0x0000000667800000|100%| E|CS|TAMS 0x0000000667400000| PB 0x0000000667400000| Complete 
| 370|0x0000000667800000, 0x0000000667c00000, 0x0000000667c00000|100%| E|CS|TAMS 0x0000000667800000| PB 0x0000000667800000| Complete 
| 371|0x0000000667c00000, 0x0000000668000000, 0x0000000668000000|100%| E|CS|TAMS 0x0000000667c00000| PB 0x0000000667c00000| Complete 
| 372|0x0000000668000000, 0x0000000668400000, 0x0000000668400000|100%| E|CS|TAMS 0x0000000668000000| PB 0x0000000668000000| Complete 
| 373|0x0000000668400000, 0x0000000668800000, 0x0000000668800000|100%| E|CS|TAMS 0x0000000668400000| PB 0x0000000668400000| Complete 
| 374|0x0000000668800000, 0x0000000668c00000, 0x0000000668c00000|100%| E|CS|TAMS 0x0000000668800000| PB 0x0000000668800000| Complete 
| 375|0x0000000668c00000, 0x0000000669000000, 0x0000000669000000|100%| E|CS|TAMS 0x0000000668c00000| PB 0x0000000668c00000| Complete 
| 376|0x0000000669000000, 0x0000000669400000, 0x0000000669400000|100%| E|CS|TAMS 0x0000000669000000| PB 0x0000000669000000| Complete 
| 377|0x0000000669400000, 0x0000000669800000, 0x0000000669800000|100%| E|CS|TAMS 0x0000000669400000| PB 0x0000000669400000| Complete 
| 378|0x0000000669800000, 0x0000000669c00000, 0x0000000669c00000|100%| E|CS|TAMS 0x0000000669800000| PB 0x0000000669800000| Complete 
| 379|0x0000000669c00000, 0x000000066a000000, 0x000000066a000000|100%| E|CS|TAMS 0x0000000669c00000| PB 0x0000000669c00000| Complete 
| 380|0x000000066a000000, 0x000000066a400000, 0x000000066a400000|100%| E|CS|TAMS 0x000000066a000000| PB 0x000000066a000000| Complete 
| 381|0x000000066a400000, 0x000000066a800000, 0x000000066a800000|100%| E|CS|TAMS 0x000000066a400000| PB 0x000000066a400000| Complete 
| 382|0x000000066a800000, 0x000000066ac00000, 0x000000066ac00000|100%| E|CS|TAMS 0x000000066a800000| PB 0x000000066a800000| Complete 
| 383|0x000000066ac00000, 0x000000066b000000, 0x000000066b000000|100%| E|CS|TAMS 0x000000066ac00000| PB 0x000000066ac00000| Complete 
| 384|0x000000066b000000, 0x000000066b400000, 0x000000066b400000|100%| E|CS|TAMS 0x000000066b000000| PB 0x000000066b000000| Complete 
| 385|0x000000066b400000, 0x000000066b800000, 0x000000066b800000|100%| E|CS|TAMS 0x000000066b400000| PB 0x000000066b400000| Complete 
| 386|0x000000066b800000, 0x000000066bc00000, 0x000000066bc00000|100%| E|CS|TAMS 0x000000066b800000| PB 0x000000066b800000| Complete 
| 387|0x000000066bc00000, 0x000000066c000000, 0x000000066c000000|100%| E|CS|TAMS 0x000000066bc00000| PB 0x000000066bc00000| Complete 
| 388|0x000000066c000000, 0x000000066c400000, 0x000000066c400000|100%| E|CS|TAMS 0x000000066c000000| PB 0x000000066c000000| Complete 
| 389|0x000000066c400000, 0x000000066c800000, 0x000000066c800000|100%| E|CS|TAMS 0x000000066c400000| PB 0x000000066c400000| Complete 
| 390|0x000000066c800000, 0x000000066cc00000, 0x000000066cc00000|100%| E|CS|TAMS 0x000000066c800000| PB 0x000000066c800000| Complete 
| 391|0x000000066cc00000, 0x000000066d000000, 0x000000066d000000|100%| E|CS|TAMS 0x000000066cc00000| PB 0x000000066cc00000| Complete 
| 392|0x000000066d000000, 0x000000066d400000, 0x000000066d400000|100%| E|CS|TAMS 0x000000066d000000| PB 0x000000066d000000| Complete 
| 393|0x000000066d400000, 0x000000066d800000, 0x000000066d800000|100%| E|CS|TAMS 0x000000066d400000| PB 0x000000066d400000| Complete 
| 394|0x000000066d800000, 0x000000066dc00000, 0x000000066dc00000|100%| E|CS|TAMS 0x000000066d800000| PB 0x000000066d800000| Complete 
| 395|0x000000066dc00000, 0x000000066e000000, 0x000000066e000000|100%| E|CS|TAMS 0x000000066dc00000| PB 0x000000066dc00000| Complete 
| 396|0x000000066e000000, 0x000000066e400000, 0x000000066e400000|100%| E|CS|TAMS 0x000000066e000000| PB 0x000000066e000000| Complete 
| 397|0x000000066e400000, 0x000000066e800000, 0x000000066e800000|100%| E|CS|TAMS 0x000000066e400000| PB 0x000000066e400000| Complete 
| 398|0x000000066e800000, 0x000000066ec00000, 0x000000066ec00000|100%| E|CS|TAMS 0x000000066e800000| PB 0x000000066e800000| Complete 
| 399|0x000000066ec00000, 0x000000066f000000, 0x000000066f000000|100%| E|CS|TAMS 0x000000066ec00000| PB 0x000000066ec00000| Complete 
| 400|0x000000066f000000, 0x000000066f400000, 0x000000066f400000|100%| E|CS|TAMS 0x000000066f000000| PB 0x000000066f000000| Complete 
| 401|0x000000066f400000, 0x000000066f800000, 0x000000066f800000|100%| E|CS|TAMS 0x000000066f400000| PB 0x000000066f400000| Complete 
| 402|0x000000066f800000, 0x000000066fc00000, 0x000000066fc00000|100%| E|CS|TAMS 0x000000066f800000| PB 0x000000066f800000| Complete 
| 403|0x000000066fc00000, 0x0000000670000000, 0x0000000670000000|100%| E|CS|TAMS 0x000000066fc00000| PB 0x000000066fc00000| Complete 
| 404|0x0000000670000000, 0x0000000670400000, 0x0000000670400000|100%| E|CS|TAMS 0x0000000670000000| PB 0x0000000670000000| Complete 
| 405|0x0000000670400000, 0x0000000670800000, 0x0000000670800000|100%| E|CS|TAMS 0x0000000670400000| PB 0x0000000670400000| Complete 
| 406|0x0000000670800000, 0x0000000670c00000, 0x0000000670c00000|100%| E|CS|TAMS 0x0000000670800000| PB 0x0000000670800000| Complete 
| 407|0x0000000670c00000, 0x0000000671000000, 0x0000000671000000|100%| E|CS|TAMS 0x0000000670c00000| PB 0x0000000670c00000| Complete 
| 408|0x0000000671000000, 0x0000000671400000, 0x0000000671400000|100%| E|CS|TAMS 0x0000000671000000| PB 0x0000000671000000| Complete 
| 409|0x0000000671400000, 0x0000000671800000, 0x0000000671800000|100%| E|CS|TAMS 0x0000000671400000| PB 0x0000000671400000| Complete 
| 410|0x0000000671800000, 0x0000000671c00000, 0x0000000671c00000|100%| E|CS|TAMS 0x0000000671800000| PB 0x0000000671800000| Complete 
| 411|0x0000000671c00000, 0x0000000672000000, 0x0000000672000000|100%| E|CS|TAMS 0x0000000671c00000| PB 0x0000000671c00000| Complete 
| 412|0x0000000672000000, 0x0000000672400000, 0x0000000672400000|100%| E|CS|TAMS 0x0000000672000000| PB 0x0000000672000000| Complete 
| 413|0x0000000672400000, 0x0000000672800000, 0x0000000672800000|100%| E|CS|TAMS 0x0000000672400000| PB 0x0000000672400000| Complete 
| 414|0x0000000672800000, 0x0000000672c00000, 0x0000000672c00000|100%| E|CS|TAMS 0x0000000672800000| PB 0x0000000672800000| Complete 
| 415|0x0000000672c00000, 0x0000000673000000, 0x0000000673000000|100%| E|CS|TAMS 0x0000000672c00000| PB 0x0000000672c00000| Complete 
| 416|0x0000000673000000, 0x0000000673400000, 0x0000000673400000|100%| E|CS|TAMS 0x0000000673000000| PB 0x0000000673000000| Complete 
| 417|0x0000000673400000, 0x0000000673800000, 0x0000000673800000|100%| E|CS|TAMS 0x0000000673400000| PB 0x0000000673400000| Complete 
| 418|0x0000000673800000, 0x0000000673c00000, 0x0000000673c00000|100%| E|CS|TAMS 0x0000000673800000| PB 0x0000000673800000| Complete 
| 419|0x0000000673c00000, 0x0000000674000000, 0x0000000674000000|100%| E|CS|TAMS 0x0000000673c00000| PB 0x0000000673c00000| Complete 
| 420|0x0000000674000000, 0x0000000674400000, 0x0000000674400000|100%| E|CS|TAMS 0x0000000674000000| PB 0x0000000674000000| Complete 
| 421|0x0000000674400000, 0x0000000674800000, 0x0000000674800000|100%| E|CS|TAMS 0x0000000674400000| PB 0x0000000674400000| Complete 
| 422|0x0000000674800000, 0x0000000674c00000, 0x0000000674c00000|100%| S|CS|TAMS 0x0000000674800000| PB 0x0000000674800000| Complete 
| 423|0x0000000674c00000, 0x0000000674e9f070, 0x0000000675000000| 65%| S|CS|TAMS 0x0000000674c00000| PB 0x0000000674c00000| Complete 
| 424|0x0000000675000000, 0x0000000675400000, 0x0000000675400000|100%| E|CS|TAMS 0x0000000675000000| PB 0x0000000675000000| Complete 
| 425|0x0000000675400000, 0x0000000675800000, 0x0000000675800000|100%| E|CS|TAMS 0x0000000675400000| PB 0x0000000675400000| Complete 
| 426|0x0000000675800000, 0x0000000675c00000, 0x0000000675c00000|100%| E|CS|TAMS 0x0000000675800000| PB 0x0000000675800000| Complete 
| 427|0x0000000675c00000, 0x0000000676000000, 0x0000000676000000|100%| E|CS|TAMS 0x0000000675c00000| PB 0x0000000675c00000| Complete 
| 428|0x0000000676000000, 0x0000000676400000, 0x0000000676400000|100%| E|CS|TAMS 0x0000000676000000| PB 0x0000000676000000| Complete 
| 429|0x0000000676400000, 0x0000000676800000, 0x0000000676800000|100%| E|CS|TAMS 0x0000000676400000| PB 0x0000000676400000| Complete 
| 430|0x0000000676800000, 0x0000000676c00000, 0x0000000676c00000|100%| E|CS|TAMS 0x0000000676800000| PB 0x0000000676800000| Complete 
| 431|0x0000000676c00000, 0x0000000677000000, 0x0000000677000000|100%| E|CS|TAMS 0x0000000676c00000| PB 0x0000000676c00000| Complete 
| 432|0x0000000677000000, 0x0000000677400000, 0x0000000677400000|100%| E|CS|TAMS 0x0000000677000000| PB 0x0000000677000000| Complete 
| 433|0x0000000677400000, 0x0000000677800000, 0x0000000677800000|100%| E|CS|TAMS 0x0000000677400000| PB 0x0000000677400000| Complete 
| 434|0x0000000677800000, 0x0000000677c00000, 0x0000000677c00000|100%| E|CS|TAMS 0x0000000677800000| PB 0x0000000677800000| Complete 
| 435|0x0000000677c00000, 0x0000000678000000, 0x0000000678000000|100%| E|CS|TAMS 0x0000000677c00000| PB 0x0000000677c00000| Complete 
| 436|0x0000000678000000, 0x0000000678400000, 0x0000000678400000|100%| E|CS|TAMS 0x0000000678000000| PB 0x0000000678000000| Complete 
| 437|0x0000000678400000, 0x0000000678800000, 0x0000000678800000|100%| E|CS|TAMS 0x0000000678400000| PB 0x0000000678400000| Complete 
| 438|0x0000000678800000, 0x0000000678c00000, 0x0000000678c00000|100%| E|CS|TAMS 0x0000000678800000| PB 0x0000000678800000| Complete 
| 439|0x0000000678c00000, 0x0000000679000000, 0x0000000679000000|100%| E|CS|TAMS 0x0000000678c00000| PB 0x0000000678c00000| Complete 
| 440|0x0000000679000000, 0x0000000679400000, 0x0000000679400000|100%| E|CS|TAMS 0x0000000679000000| PB 0x0000000679000000| Complete 
| 441|0x0000000679400000, 0x0000000679800000, 0x0000000679800000|100%| E|CS|TAMS 0x0000000679400000| PB 0x0000000679400000| Complete 
| 442|0x0000000679800000, 0x0000000679c00000, 0x0000000679c00000|100%| E|CS|TAMS 0x0000000679800000| PB 0x0000000679800000| Complete 
| 443|0x0000000679c00000, 0x000000067a000000, 0x000000067a000000|100%| E|CS|TAMS 0x0000000679c00000| PB 0x0000000679c00000| Complete 
| 444|0x000000067a000000, 0x000000067a400000, 0x000000067a400000|100%| E|CS|TAMS 0x000000067a000000| PB 0x000000067a000000| Complete 
| 445|0x000000067a400000, 0x000000067a800000, 0x000000067a800000|100%| E|CS|TAMS 0x000000067a400000| PB 0x000000067a400000| Complete 
| 446|0x000000067a800000, 0x000000067ac00000, 0x000000067ac00000|100%| E|CS|TAMS 0x000000067a800000| PB 0x000000067a800000| Complete 
| 447|0x000000067ac00000, 0x000000067b000000, 0x000000067b000000|100%| E|CS|TAMS 0x000000067ac00000| PB 0x000000067ac00000| Complete 
| 448|0x000000067b000000, 0x000000067b400000, 0x000000067b400000|100%| E|CS|TAMS 0x000000067b000000| PB 0x000000067b000000| Complete 
| 449|0x000000067b400000, 0x000000067b800000, 0x000000067b800000|100%| E|CS|TAMS 0x000000067b400000| PB 0x000000067b400000| Complete 
| 450|0x000000067b800000, 0x000000067bc00000, 0x000000067bc00000|100%| E|CS|TAMS 0x000000067b800000| PB 0x000000067b800000| Complete 
| 451|0x000000067bc00000, 0x000000067c000000, 0x000000067c000000|100%| E|CS|TAMS 0x000000067bc00000| PB 0x000000067bc00000| Complete 
| 452|0x000000067c000000, 0x000000067c400000, 0x000000067c400000|100%| E|CS|TAMS 0x000000067c000000| PB 0x000000067c000000| Complete 
| 453|0x000000067c400000, 0x000000067c800000, 0x000000067c800000|100%| E|CS|TAMS 0x000000067c400000| PB 0x000000067c400000| Complete 
| 454|0x000000067c800000, 0x000000067cc00000, 0x000000067cc00000|100%| E|CS|TAMS 0x000000067c800000| PB 0x000000067c800000| Complete 
| 455|0x000000067cc00000, 0x000000067d000000, 0x000000067d000000|100%| E|CS|TAMS 0x000000067cc00000| PB 0x000000067cc00000| Complete 
| 456|0x000000067d000000, 0x000000067d400000, 0x000000067d400000|100%| E|CS|TAMS 0x000000067d000000| PB 0x000000067d000000| Complete 
| 457|0x000000067d400000, 0x000000067d800000, 0x000000067d800000|100%| E|CS|TAMS 0x000000067d400000| PB 0x000000067d400000| Complete 
| 458|0x000000067d800000, 0x000000067dc00000, 0x000000067dc00000|100%| E|CS|TAMS 0x000000067d800000| PB 0x000000067d800000| Complete 
| 459|0x000000067dc00000, 0x000000067e000000, 0x000000067e000000|100%| E|CS|TAMS 0x000000067dc00000| PB 0x000000067dc00000| Complete 
| 460|0x000000067e000000, 0x000000067e400000, 0x000000067e400000|100%| E|CS|TAMS 0x000000067e000000| PB 0x000000067e000000| Complete 
| 461|0x000000067e400000, 0x000000067e800000, 0x000000067e800000|100%| E|CS|TAMS 0x000000067e400000| PB 0x000000067e400000| Complete 
| 462|0x000000067e800000, 0x000000067ec00000, 0x000000067ec00000|100%| E|CS|TAMS 0x000000067e800000| PB 0x000000067e800000| Complete 
| 463|0x000000067ec00000, 0x000000067f000000, 0x000000067f000000|100%| E|CS|TAMS 0x000000067ec00000| PB 0x000000067ec00000| Complete 
| 464|0x000000067f000000, 0x000000067f400000, 0x000000067f400000|100%| E|CS|TAMS 0x000000067f000000| PB 0x000000067f000000| Complete 
| 465|0x000000067f400000, 0x000000067f800000, 0x000000067f800000|100%| E|CS|TAMS 0x000000067f400000| PB 0x000000067f400000| Complete 
| 466|0x000000067f800000, 0x000000067fc00000, 0x000000067fc00000|100%| E|CS|TAMS 0x000000067f800000| PB 0x000000067f800000| Complete 
| 467|0x000000067fc00000, 0x0000000680000000, 0x0000000680000000|100%| E|CS|TAMS 0x000000067fc00000| PB 0x000000067fc00000| Complete 
| 468|0x0000000680000000, 0x0000000680400000, 0x0000000680400000|100%| E|CS|TAMS 0x0000000680000000| PB 0x0000000680000000| Complete 
| 469|0x0000000680400000, 0x0000000680800000, 0x0000000680800000|100%| E|CS|TAMS 0x0000000680400000| PB 0x0000000680400000| Complete 
| 470|0x0000000680800000, 0x0000000680c00000, 0x0000000680c00000|100%| E|CS|TAMS 0x0000000680800000| PB 0x0000000680800000| Complete 
| 471|0x0000000680c00000, 0x0000000681000000, 0x0000000681000000|100%| E|CS|TAMS 0x0000000680c00000| PB 0x0000000680c00000| Complete 
| 472|0x0000000681000000, 0x0000000681400000, 0x0000000681400000|100%| E|CS|TAMS 0x0000000681000000| PB 0x0000000681000000| Complete 
| 473|0x0000000681400000, 0x0000000681800000, 0x0000000681800000|100%| E|CS|TAMS 0x0000000681400000| PB 0x0000000681400000| Complete 
| 474|0x0000000681800000, 0x0000000681c00000, 0x0000000681c00000|100%| E|CS|TAMS 0x0000000681800000| PB 0x0000000681800000| Complete 
| 475|0x0000000681c00000, 0x0000000682000000, 0x0000000682000000|100%| E|CS|TAMS 0x0000000681c00000| PB 0x0000000681c00000| Complete 
| 476|0x0000000682000000, 0x0000000682400000, 0x0000000682400000|100%| E|CS|TAMS 0x0000000682000000| PB 0x0000000682000000| Complete 
| 477|0x0000000682400000, 0x0000000682800000, 0x0000000682800000|100%| E|CS|TAMS 0x0000000682400000| PB 0x0000000682400000| Complete 
| 478|0x0000000682800000, 0x0000000682c00000, 0x0000000682c00000|100%| E|CS|TAMS 0x0000000682800000| PB 0x0000000682800000| Complete 
| 479|0x0000000682c00000, 0x0000000683000000, 0x0000000683000000|100%| E|CS|TAMS 0x0000000682c00000| PB 0x0000000682c00000| Complete 
| 480|0x0000000683000000, 0x0000000683400000, 0x0000000683400000|100%| E|CS|TAMS 0x0000000683000000| PB 0x0000000683000000| Complete 
| 481|0x0000000683400000, 0x0000000683800000, 0x0000000683800000|100%| E|CS|TAMS 0x0000000683400000| PB 0x0000000683400000| Complete 
| 482|0x0000000683800000, 0x0000000683c00000, 0x0000000683c00000|100%| E|CS|TAMS 0x0000000683800000| PB 0x0000000683800000| Complete 
| 483|0x0000000683c00000, 0x0000000684000000, 0x0000000684000000|100%| E|CS|TAMS 0x0000000683c00000| PB 0x0000000683c00000| Complete 
| 484|0x0000000684000000, 0x0000000684400000, 0x0000000684400000|100%| E|CS|TAMS 0x0000000684000000| PB 0x0000000684000000| Complete 
| 485|0x0000000684400000, 0x0000000684800000, 0x0000000684800000|100%| E|CS|TAMS 0x0000000684400000| PB 0x0000000684400000| Complete 
| 486|0x0000000684800000, 0x0000000684c00000, 0x0000000684c00000|100%| E|CS|TAMS 0x0000000684800000| PB 0x0000000684800000| Complete 
| 487|0x0000000684c00000, 0x0000000685000000, 0x0000000685000000|100%| E|CS|TAMS 0x0000000684c00000| PB 0x0000000684c00000| Complete 
| 488|0x0000000685000000, 0x0000000685400000, 0x0000000685400000|100%| E|CS|TAMS 0x0000000685000000| PB 0x0000000685000000| Complete 
| 489|0x0000000685400000, 0x0000000685800000, 0x0000000685800000|100%| E|CS|TAMS 0x0000000685400000| PB 0x0000000685400000| Complete 
| 490|0x0000000685800000, 0x0000000685c00000, 0x0000000685c00000|100%| E|CS|TAMS 0x0000000685800000| PB 0x0000000685800000| Complete 
| 491|0x0000000685c00000, 0x0000000686000000, 0x0000000686000000|100%| E|CS|TAMS 0x0000000685c00000| PB 0x0000000685c00000| Complete 
| 492|0x0000000686000000, 0x0000000686400000, 0x0000000686400000|100%| E|CS|TAMS 0x0000000686000000| PB 0x0000000686000000| Complete 
| 493|0x0000000686400000, 0x0000000686800000, 0x0000000686800000|100%| E|CS|TAMS 0x0000000686400000| PB 0x0000000686400000| Complete 
| 494|0x0000000686800000, 0x0000000686c00000, 0x0000000686c00000|100%| E|CS|TAMS 0x0000000686800000| PB 0x0000000686800000| Complete 
| 495|0x0000000686c00000, 0x0000000687000000, 0x0000000687000000|100%| E|CS|TAMS 0x0000000686c00000| PB 0x0000000686c00000| Complete 
| 496|0x0000000687000000, 0x0000000687400000, 0x0000000687400000|100%| E|CS|TAMS 0x0000000687000000| PB 0x0000000687000000| Complete 
| 497|0x0000000687400000, 0x0000000687800000, 0x0000000687800000|100%| E|CS|TAMS 0x0000000687400000| PB 0x0000000687400000| Complete 
| 498|0x0000000687800000, 0x0000000687c00000, 0x0000000687c00000|100%| E|CS|TAMS 0x0000000687800000| PB 0x0000000687800000| Complete 
| 499|0x0000000687c00000, 0x0000000688000000, 0x0000000688000000|100%| E|CS|TAMS 0x0000000687c00000| PB 0x0000000687c00000| Complete 
| 500|0x0000000688000000, 0x0000000688400000, 0x0000000688400000|100%| E|CS|TAMS 0x0000000688000000| PB 0x0000000688000000| Complete 
| 501|0x0000000688400000, 0x0000000688800000, 0x0000000688800000|100%| E|CS|TAMS 0x0000000688400000| PB 0x0000000688400000| Complete 
| 502|0x0000000688800000, 0x0000000688c00000, 0x0000000688c00000|100%| E|CS|TAMS 0x0000000688800000| PB 0x0000000688800000| Complete 
| 503|0x0000000688c00000, 0x0000000689000000, 0x0000000689000000|100%| E|CS|TAMS 0x0000000688c00000| PB 0x0000000688c00000| Complete 
| 504|0x0000000689000000, 0x0000000689400000, 0x0000000689400000|100%| E|CS|TAMS 0x0000000689000000| PB 0x0000000689000000| Complete 
| 505|0x0000000689400000, 0x0000000689800000, 0x0000000689800000|100%| E|CS|TAMS 0x0000000689400000| PB 0x0000000689400000| Complete 
| 506|0x0000000689800000, 0x0000000689c00000, 0x0000000689c00000|100%|HS|  |TAMS 0x0000000689800000| PB 0x0000000689800000| Complete 
| 507|0x0000000689c00000, 0x000000068a000000, 0x000000068a000000|100%|HC|  |TAMS 0x0000000689c00000| PB 0x0000000689c00000| Complete 
| 508|0x000000068a000000, 0x000000068a400000, 0x000000068a400000|100%|HC|  |TAMS 0x000000068a000000| PB 0x000000068a000000| Complete 
| 509|0x000000068a400000, 0x000000068a800000, 0x000000068a800000|100%|HC|  |TAMS 0x000000068a400000| PB 0x000000068a400000| Complete 
| 510|0x000000068a800000, 0x000000068ac00000, 0x000000068ac00000|100%|HC|  |TAMS 0x000000068a800000| PB 0x000000068a800000| Complete 
| 511|0x000000068ac00000, 0x000000068b000000, 0x000000068b000000|100%|HC|  |TAMS 0x000000068ac00000| PB 0x000000068ac00000| Complete 
| 512|0x000000068b000000, 0x000000068b400000, 0x000000068b400000|100%|HC|  |TAMS 0x000000068b000000| PB 0x000000068b000000| Complete 
| 513|0x000000068b400000, 0x000000068b800000, 0x000000068b800000|100%|HC|  |TAMS 0x000000068b400000| PB 0x000000068b400000| Complete 
| 514|0x000000068b800000, 0x000000068bc00000, 0x000000068bc00000|100%|HC|  |TAMS 0x000000068b800000| PB 0x000000068b800000| Complete 
| 515|0x000000068bc00000, 0x000000068c000000, 0x000000068c000000|100%|HC|  |TAMS 0x000000068bc00000| PB 0x000000068bc00000| Complete 
| 516|0x000000068c000000, 0x000000068c400000, 0x000000068c400000|100%|HC|  |TAMS 0x000000068c000000| PB 0x000000068c000000| Complete 
| 517|0x000000068c400000, 0x000000068c800000, 0x000000068c800000|100%|HC|  |TAMS 0x000000068c400000| PB 0x000000068c400000| Complete 
| 518|0x000000068c800000, 0x000000068cc00000, 0x000000068cc00000|100%|HC|  |TAMS 0x000000068c800000| PB 0x000000068c800000| Complete 
| 519|0x000000068cc00000, 0x000000068cc00000, 0x000000068d000000|  0%| F|  |TAMS 0x000000068cc00000| PB 0x000000068cc00000| Untracked 
| 520|0x000000068d000000, 0x000000068d000000, 0x000000068d400000|  0%| F|  |TAMS 0x000000068d000000| PB 0x000000068d000000| Untracked 
| 521|0x000000068d400000, 0x000000068d400000, 0x000000068d800000|  0%| F|  |TAMS 0x000000068d400000| PB 0x000000068d400000| Untracked 
| 522|0x000000068d800000, 0x000000068d800000, 0x000000068dc00000|  0%| F|  |TAMS 0x000000068d800000| PB 0x000000068d800000| Untracked 
| 523|0x000000068dc00000, 0x000000068dc00000, 0x000000068e000000|  0%| F|  |TAMS 0x000000068dc00000| PB 0x000000068dc00000| Untracked 
| 524|0x000000068e000000, 0x000000068e000000, 0x000000068e400000|  0%| F|  |TAMS 0x000000068e000000| PB 0x000000068e000000| Untracked 
| 525|0x000000068e400000, 0x000000068e400000, 0x000000068e800000|  0%| F|  |TAMS 0x000000068e400000| PB 0x000000068e400000| Untracked 
| 526|0x000000068e800000, 0x000000068e800000, 0x000000068ec00000|  0%| F|  |TAMS 0x000000068e800000| PB 0x000000068e800000| Untracked 
| 527|0x000000068ec00000, 0x000000068ec00000, 0x000000068f000000|  0%| F|  |TAMS 0x000000068ec00000| PB 0x000000068ec00000| Untracked 
| 528|0x000000068f000000, 0x000000068f000000, 0x000000068f400000|  0%| F|  |TAMS 0x000000068f000000| PB 0x000000068f000000| Untracked 
| 529|0x000000068f400000, 0x000000068f400000, 0x000000068f800000|  0%| F|  |TAMS 0x000000068f400000| PB 0x000000068f400000| Untracked 
| 530|0x000000068f800000, 0x000000068f800000, 0x000000068fc00000|  0%| F|  |TAMS 0x000000068f800000| PB 0x000000068f800000| Untracked 
| 531|0x000000068fc00000, 0x000000068fc00000, 0x0000000690000000|  0%| F|  |TAMS 0x000000068fc00000| PB 0x000000068fc00000| Untracked 
| 532|0x0000000690000000, 0x0000000690000000, 0x0000000690400000|  0%| F|  |TAMS 0x0000000690000000| PB 0x0000000690000000| Untracked 
| 533|0x0000000690400000, 0x0000000690400000, 0x0000000690800000|  0%| F|  |TAMS 0x0000000690400000| PB 0x0000000690400000| Untracked 
| 534|0x0000000690800000, 0x0000000690800000, 0x0000000690c00000|  0%| F|  |TAMS 0x0000000690800000| PB 0x0000000690800000| Untracked 
| 535|0x0000000690c00000, 0x0000000690c00000, 0x0000000691000000|  0%| F|  |TAMS 0x0000000690c00000| PB 0x0000000690c00000| Untracked 
| 536|0x0000000691000000, 0x0000000691000000, 0x0000000691400000|  0%| F|  |TAMS 0x0000000691000000| PB 0x0000000691000000| Untracked 
| 537|0x0000000691400000, 0x0000000691400000, 0x0000000691800000|  0%| F|  |TAMS 0x0000000691400000| PB 0x0000000691400000| Untracked 
|1986|0x00000007fb800000, 0x00000007fb87f850, 0x00000007fbc00000| 12%| O|  |TAMS 0x00000007fb800000| PB 0x00000007fb800000| Untracked 
|1987|0x00000007fbc00000, 0x00000007fc000000, 0x00000007fc000000|100%| E|CS|TAMS 0x00000007fbc00000| PB 0x00000007fbc00000| Complete 
|1988|0x00000007fc000000, 0x00000007fc400000, 0x00000007fc400000|100%| O|  |TAMS 0x00000007fc000000| PB 0x00000007fc000000| Untracked 
|1989|0x00000007fc400000, 0x00000007fc800000, 0x00000007fc800000|100%| O|  |TAMS 0x00000007fc400000| PB 0x00000007fc400000| Untracked 
|1990|0x00000007fc800000, 0x00000007fcc00000, 0x00000007fcc00000|100%| O|  |TAMS 0x00000007fc800000| PB 0x00000007fc800000| Untracked 
|1991|0x00000007fcc00000, 0x00000007fd000000, 0x00000007fd000000|100%| O|  |TAMS 0x00000007fcc00000| PB 0x00000007fcc00000| Untracked 
|1992|0x00000007fd000000, 0x00000007fd400000, 0x00000007fd400000|100%| E|CS|TAMS 0x00000007fd000000| PB 0x00000007fd000000| Complete 
|1993|0x00000007fd400000, 0x00000007fd800000, 0x00000007fd800000|100%| O|  |TAMS 0x00000007fd400000| PB 0x00000007fd400000| Untracked 
|1994|0x00000007fd800000, 0x00000007fdc00000, 0x00000007fdc00000|100%| E|CS|TAMS 0x00000007fd800000| PB 0x00000007fd800000| Complete 
|1995|0x00000007fdc00000, 0x00000007fe000000, 0x00000007fe000000|100%| E|CS|TAMS 0x00000007fdc00000| PB 0x00000007fdc00000| Complete 
|1996|0x00000007fe000000, 0x00000007fe400000, 0x00000007fe400000|100%| E|CS|TAMS 0x00000007fe000000| PB 0x00000007fe000000| Complete 
|1997|0x00000007fe400000, 0x00000007fe800000, 0x00000007fe800000|100%| E|CS|TAMS 0x00000007fe400000| PB 0x00000007fe400000| Complete 
|1998|0x00000007fe800000, 0x00000007fec00000, 0x00000007fec00000|100%| E|CS|TAMS 0x00000007fe800000| PB 0x00000007fe800000| Complete 
|1999|0x00000007fec00000, 0x00000007ff000000, 0x00000007ff000000|100%| E|CS|TAMS 0x00000007fec00000| PB 0x00000007fec00000| Complete 
|2000|0x00000007ff000000, 0x00000007ff400000, 0x00000007ff400000|100%| E|CS|TAMS 0x00000007ff000000| PB 0x00000007ff000000| Complete 
|2001|0x00000007ff400000, 0x00000007ff800000, 0x00000007ff800000|100%| E|CS|TAMS 0x00000007ff400000| PB 0x00000007ff400000| Complete 
|2002|0x00000007ff800000, 0x00000007ffc00000, 0x00000007ffc00000|100%| E|CS|TAMS 0x00000007ff800000| PB 0x00000007ff800000| Complete 
|2003|0x00000007ffc00000, 0x0000000800000000, 0x0000000800000000|100%| E|CS|TAMS 0x00000007ffc00000| PB 0x00000007ffc00000| Complete 

Card table byte_map: [0x0000025dde710000,0x0000025ddf6c0000] _byte_map_base: 0x0000025ddb6b8000

Marking Bits: (CMBitMap*) 0x0000025dc9cfe7f0
 Bits: [0x0000025ddf6c0000, 0x0000025de7400000)

Polling page: 0x0000025dc7b30000

Metaspace:

Usage:
  Non-class:     78.98 MB used.
      Class:     11.62 MB used.
       Both:     90.59 MB used.

Virtual space:
  Non-class space:      128.00 MB reserved,      79.44 MB ( 62%) committed,  2 nodes.
      Class space:        1.00 GB reserved,      11.94 MB (  1%) committed,  1 nodes.
             Both:        1.12 GB reserved,      91.38 MB (  8%) committed. 

Chunk freelists:
   Non-Class:  175.00 KB
       Class:  4.07 MB
        Both:  4.24 MB

MaxMetaspaceSize: unlimited
CompressedClassSpaceSize: 1.00 GB
Initial GC threshold: 21.00 MB
Current GC threshold: 152.00 MB
CDS: on
 - commit_granule_bytes: 65536.
 - commit_granule_words: 8192.
 - virtual_space_node_default_size: 8388608.
 - enlarge_chunks_in_place: 1.
 - use_allocation_guard: 0.


Internal statistics:

num_allocs_failed_limit: 17.
num_arena_births: 1246.
num_arena_deaths: 0.
num_vsnodes_births: 3.
num_vsnodes_deaths: 0.
num_space_committed: 1460.
num_space_uncommitted: 0.
num_chunks_returned_to_freelist: 17.
num_chunks_taken_from_freelist: 4924.
num_chunk_merges: 17.
num_chunk_splits: 3638.
num_chunks_enlarged: 2899.
num_inconsistent_stats: 0.

CodeHeap 'non-profiled nmethods': size=118848Kb used=14879Kb max_used=15870Kb free=103968Kb
 bounds [0x0000025dd5020000, 0x0000025dd5fb0000, 0x0000025ddc430000]
CodeHeap 'profiled nmethods': size=118848Kb used=16944Kb max_used=29938Kb free=101903Kb
 bounds [0x0000025dcd430000, 0x0000025dcf170000, 0x0000025dd4840000]
CodeHeap 'non-nmethods': size=8064Kb used=4384Kb max_used=4481Kb free=3679Kb
 bounds [0x0000025dd4840000, 0x0000025dd4cd0000, 0x0000025dd5020000]
CodeCache: size=245760Kb, used=36207Kb, max_used=50289Kb, free=209550Kb
 total_blobs=10093, nmethods=9222, adapters=769, full_count=0
Compilation: enabled, stopped_count=0, restarted_count=0

Compilation events (20 events):
Event: 28.027 Thread 0x0000025deb0870a0 nmethod 18388 0x0000025dd5900210 code [0x0000025dd5900560, 0x0000025dd5901c10]
Event: 28.027 Thread 0x0000025deb0870a0 18392       4       com.jetbrains.ls.snapshot.api.impl.core.StoredDirDataType::write (192 bytes)
Event: 28.031 Thread 0x0000025e253c3e80 nmethod 18393 0x0000025dd52b8210 code [0x0000025dd52b83e0, 0x0000025dd52b8e80]
Event: 28.031 Thread 0x0000025e253c3e80 18394       4       com.jetbrains.ls.snapshot.api.impl.core.ByteArrayMapDataType::write (208 bytes)
Event: 28.049 Thread 0x0000025deb0870a0 nmethod 18392 0x0000025dd5328390 code [0x0000025dd53286e0, 0x0000025dd5329d50]
Event: 28.049 Thread 0x0000025deb0870a0 18391       4       org.h2.mvstore.WriteBuffer::putStringData (16 bytes)
Event: 28.050 Thread 0x0000025e253c3e80 nmethod 18394 0x0000025dd531bf90 code [0x0000025dd531c300, 0x0000025dd531db88]
Event: 28.050 Thread 0x0000025e253c3e80 18377       4       org.h2.mvstore.RootReference::getAppendCounter (9 bytes)
Event: 28.050 Thread 0x0000025e253c3e80 nmethod 18377 0x0000025dd515d390 code [0x0000025dd515d520, 0x0000025dd515d5b0]
Event: 28.051 Thread 0x0000025deb0870a0 nmethod 18391 0x0000025dd586cb90 code [0x0000025dd586cd60, 0x0000025dd586d0c8]
Event: 28.104 Thread 0x0000025e253c3e80 18396 %     4       org.h2.mvstore.Page$NonLeaf::writeChildrenRecursive @ 7 (50 bytes)
Event: 28.108 Thread 0x0000025e253c3e80 nmethod 18396% 0x0000025dd5341790 code [0x0000025dd53419c0, 0x0000025dd5341e60]
Event: 28.118 Thread 0x0000025e18a917e0 18397       3       org.h2.mvstore.cache.CacheLongKeyLIRS$Segment::evictBlock (114 bytes)
Event: 28.118 Thread 0x0000025deb089d70 18398       3       org.h2.mvstore.cache.CacheLongKeyLIRS$Segment::trimNonResidentQueue (98 bytes)
Event: 28.119 Thread 0x0000025e18a917e0 nmethod 18397 0x0000025dcdad3a90 code [0x0000025dcdad3cc0, 0x0000025dcdad4450]
Event: 28.119 Thread 0x0000025deb089d70 nmethod 18398 0x0000025dcd68cb10 code [0x0000025dcd68cce0, 0x0000025dcd68d0e0]
Event: 28.123 Thread 0x0000025deb5f9600 18399       3       java.lang.Long::formatUnsignedLong0 (47 bytes)
Event: 28.123 Thread 0x0000025deb5f9600 nmethod 18399 0x0000025dcd7d9090 code [0x0000025dcd7d9240, 0x0000025dcd7d9440]
Event: 28.125 Thread 0x0000025e253c3e80 18400       4       org.h2.mvstore.Page$NonLeaf::writeChildrenRecursive (50 bytes)
Event: 28.128 Thread 0x0000025e253c3e80 nmethod 18400 0x0000025dd56b4110 code [0x0000025dd56b4320, 0x0000025dd56b4718]

GC Heap History (20 events):
Event: 24.072 GC heap before
{Heap before GC invocations=53 (full 0):
 garbage-first heap   total 1695744K, used 1631840K [0x000000060b000000, 0x0000000800000000)
  region size 4096K, 202 young (827392K), 16 survivors (65536K)
 Metaspace       used 92312K, committed 93056K, reserved 1179648K
  class space    used 11878K, committed 12224K, reserved 1048576K
}
Event: 24.085 GC heap after
{Heap after GC invocations=54 (full 0):
 garbage-first heap   total 1753088K, used 818577K [0x000000060b000000, 0x0000000800000000)
  region size 4096K, 11 young (45056K), 11 survivors (45056K)
 Metaspace       used 92312K, committed 93056K, reserved 1179648K
  class space    used 11878K, committed 12224K, reserved 1048576K
}
Event: 24.106 GC heap before
{Heap before GC invocations=54 (full 0):
 garbage-first heap   total 1753088K, used 859537K [0x000000060b000000, 0x0000000800000000)
  region size 4096K, 22 young (90112K), 11 survivors (45056K)
 Metaspace       used 92319K, committed 93056K, reserved 1179648K
  class space    used 11879K, committed 12224K, reserved 1048576K
}
Event: 24.111 GC heap after
{Heap after GC invocations=55 (full 0):
 garbage-first heap   total 1753088K, used 818816K [0x000000060b000000, 0x0000000800000000)
  region size 4096K, 11 young (45056K), 11 survivors (45056K)
 Metaspace       used 92319K, committed 93056K, reserved 1179648K
  class space    used 11879K, committed 12224K, reserved 1048576K
}
Event: 24.552 GC heap before
{Heap before GC invocations=56 (full 0):
 garbage-first heap   total 1753088K, used 1719936K [0x000000060b000000, 0x0000000800000000)
  region size 4096K, 199 young (815104K), 11 survivors (45056K)
 Metaspace       used 92537K, committed 93312K, reserved 1179648K
  class space    used 11890K, committed 12224K, reserved 1048576K
}
Event: 24.561 GC heap after
{Heap after GC invocations=57 (full 0):
 garbage-first heap   total 1798144K, used 805345K [0x000000060b000000, 0x0000000800000000)
  region size 4096K, 18 young (73728K), 18 survivors (73728K)
 Metaspace       used 92537K, committed 93312K, reserved 1179648K
  class space    used 11890K, committed 12224K, reserved 1048576K
}
Event: 25.115 GC heap before
{Heap before GC invocations=57 (full 0):
 garbage-first heap   total 1798144K, used 1624545K [0x000000060b000000, 0x0000000800000000)
  region size 4096K, 219 young (897024K), 18 survivors (73728K)
 Metaspace       used 92548K, committed 93312K, reserved 1179648K
  class space    used 11890K, committed 12224K, reserved 1048576K
}
Event: 25.128 GC heap after
{Heap after GC invocations=58 (full 0):
 garbage-first heap   total 1798144K, used 775076K [0x000000060b000000, 0x0000000800000000)
  region size 4096K, 16 young (65536K), 16 survivors (65536K)
 Metaspace       used 92548K, committed 93312K, reserved 1179648K
  class space    used 11890K, committed 12224K, reserved 1048576K
}
Event: 25.325 GC heap before
{Heap before GC invocations=58 (full 0):
 garbage-first heap   total 1798144K, used 1196964K [0x000000060b000000, 0x0000000800000000)
  region size 4096K, 121 young (495616K), 16 survivors (65536K)
 Metaspace       used 92566K, committed 93312K, reserved 1179648K
  class space    used 11891K, committed 12224K, reserved 1048576K
}
Event: 25.333 GC heap after
{Heap after GC invocations=59 (full 0):
 garbage-first heap   total 1798144K, used 790644K [0x000000060b000000, 0x0000000800000000)
  region size 4096K, 20 young (81920K), 20 survivors (81920K)
 Metaspace       used 92566K, committed 93312K, reserved 1179648K
  class space    used 11891K, committed 12224K, reserved 1048576K
}
Event: 25.706 GC heap before
{Heap before GC invocations=60 (full 0):
 garbage-first heap   total 1798144K, used 1622132K [0x000000060b000000, 0x0000000800000000)
  region size 4096K, 222 young (909312K), 20 survivors (81920K)
 Metaspace       used 92597K, committed 93376K, reserved 1179648K
  class space    used 11891K, committed 12224K, reserved 1048576K
}
Event: 25.720 GC heap after
{Heap after GC invocations=61 (full 0):
 garbage-first heap   total 1798144K, used 838950K [0x000000060b000000, 0x0000000800000000)
  region size 4096K, 26 young (106496K), 26 survivors (106496K)
 Metaspace       used 92597K, committed 93376K, reserved 1179648K
  class space    used 11891K, committed 12224K, reserved 1048576K
}
Event: 26.012 GC heap before
{Heap before GC invocations=61 (full 0):
 garbage-first heap   total 1798144K, used 1588518K [0x000000060b000000, 0x0000000800000000)
  region size 4096K, 210 young (860160K), 26 survivors (106496K)
 Metaspace       used 92618K, committed 93440K, reserved 1179648K
  class space    used 11891K, committed 12224K, reserved 1048576K
}
Event: 26.031 GC heap after
{Heap after GC invocations=62 (full 0):
 garbage-first heap   total 1798144K, used 836201K [0x000000060b000000, 0x0000000800000000)
  region size 4096K, 13 young (53248K), 13 survivors (53248K)
 Metaspace       used 92618K, committed 93440K, reserved 1179648K
  class space    used 11891K, committed 12224K, reserved 1048576K
}
Event: 26.464 GC heap before
{Heap before GC invocations=62 (full 0):
 garbage-first heap   total 1798144K, used 1647209K [0x000000060b000000, 0x0000000800000000)
  region size 4096K, 211 young (864256K), 13 survivors (53248K)
 Metaspace       used 92669K, committed 93504K, reserved 1179648K
  class space    used 11894K, committed 12224K, reserved 1048576K
}
Event: 26.472 GC heap after
{Heap after GC invocations=63 (full 0):
 garbage-first heap   total 1798144K, used 854780K [0x000000060b000000, 0x0000000800000000)
  region size 4096K, 18 young (73728K), 18 survivors (73728K)
 Metaspace       used 92669K, committed 93504K, reserved 1179648K
  class space    used 11894K, committed 12224K, reserved 1048576K
}
Event: 26.816 GC heap before
{Heap before GC invocations=64 (full 0):
 garbage-first heap   total 1798144K, used 1620732K [0x000000060b000000, 0x0000000800000000)
  region size 4096K, 206 young (843776K), 18 survivors (73728K)
 Metaspace       used 92686K, committed 93504K, reserved 1179648K
  class space    used 11895K, committed 12224K, reserved 1048576K
}
Event: 26.825 GC heap after
{Heap after GC invocations=65 (full 0):
 garbage-first heap   total 1798144K, used 880640K [0x000000060b000000, 0x0000000800000000)
  region size 4096K, 14 young (57344K), 14 survivors (57344K)
 Metaspace       used 92686K, committed 93504K, reserved 1179648K
  class space    used 11895K, committed 12224K, reserved 1048576K
}
Event: 27.143 GC heap before
{Heap before GC invocations=65 (full 0):
 garbage-first heap   total 1798144K, used 1654784K [0x000000060b000000, 0x0000000800000000)
  region size 4096K, 201 young (823296K), 14 survivors (57344K)
 Metaspace       used 92743K, committed 93504K, reserved 1179648K
  class space    used 11895K, committed 12224K, reserved 1048576K
}
Event: 27.470 GC heap after
{Heap after GC invocations=66 (full 0):
 garbage-first heap   total 2146304K, used 789626K [0x000000060b000000, 0x0000000800000000)
  region size 4096K, 21 young (86016K), 21 survivors (86016K)
 Metaspace       used 92743K, committed 93504K, reserved 1179648K
  class space    used 11895K, committed 12224K, reserved 1048576K
}

Dll operation events (3 events):
Event: 0.006 Loaded shared library C:\Users\xszq\.cache\opencode\bin\kotlin-ls\jre\bin\java.dll
Event: 0.026 Loaded shared library C:\Users\xszq\.cache\opencode\bin\kotlin-ls\jre\bin\zip.dll
Event: 2.047 Loaded shared library C:\Users\xszq\.cache\opencode\bin\kotlin-ls\jre\bin\verify.dll

Deoptimization events (20 events):
Event: 28.023 Thread 0x0000025e19e8f2a0 DEOPT PACKING pc=0x0000025dcdec66b6 sp=0x00000094e20fe6b0
Event: 28.023 Thread 0x0000025e19e8f2a0 DEOPT UNPACKING pc=0x0000025dd48988e2 sp=0x00000094e20fdbb0 mode 0
Event: 28.024 Thread 0x0000025e19e8f2a0 DEOPT PACKING pc=0x0000025dcdec66b6 sp=0x00000094e20fe700
Event: 28.024 Thread 0x0000025e19e8f2a0 DEOPT UNPACKING pc=0x0000025dd48988e2 sp=0x00000094e20fdbe8 mode 0
Event: 28.025 Thread 0x0000025e19e8f2a0 DEOPT PACKING pc=0x0000025dcdec66b6 sp=0x00000094e20fe700
Event: 28.025 Thread 0x0000025e19e8f2a0 DEOPT UNPACKING pc=0x0000025dd48988e2 sp=0x00000094e20fdbe8 mode 0
Event: 28.026 Thread 0x0000025e19e8f2a0 DEOPT PACKING pc=0x0000025dcdec66b6 sp=0x00000094e20fe700
Event: 28.026 Thread 0x0000025e19e8f2a0 DEOPT UNPACKING pc=0x0000025dd48988e2 sp=0x00000094e20fdbe8 mode 0
Event: 28.030 Thread 0x0000025e19e8f2a0 DEOPT PACKING pc=0x0000025dcdec66b6 sp=0x00000094e20fe700
Event: 28.030 Thread 0x0000025e19e8f2a0 DEOPT UNPACKING pc=0x0000025dd48988e2 sp=0x00000094e20fdbe8 mode 0
Event: 28.118 Thread 0x0000025e19e8f2a0 Uncommon trap: trap_request=0xffffff45 fr.pc=0x0000025dd5122288 relative=0x00000000000011a8
Event: 28.118 Thread 0x0000025e19e8f2a0 Uncommon trap: reason=unstable_if action=reinterpret pc=0x0000025dd5122288 method=org.h2.mvstore.cache.CacheLongKeyLIRS$Segment.trimNonResidentQueue()V @ 29 c2
Event: 28.118 Thread 0x0000025e19e8f2a0 DEOPT PACKING pc=0x0000025dd5122288 sp=0x00000094e20fe7c0
Event: 28.118 Thread 0x0000025e19e8f2a0 DEOPT UNPACKING pc=0x0000025dd4897da2 sp=0x00000094e20fe6f0 mode 2
Event: 28.118 Thread 0x0000025e19e8f2a0 Uncommon trap: trap_request=0xffffff45 fr.pc=0x0000025dd5159da8 relative=0x0000000000000088
Event: 28.118 Thread 0x0000025e19e8f2a0 Uncommon trap: reason=unstable_if action=reinterpret pc=0x0000025dd5159da8 method=org.h2.mvstore.cache.CacheLongKeyLIRS$Segment.trimNonResidentQueue()V @ 29 c2
Event: 28.118 Thread 0x0000025e19e8f2a0 DEOPT PACKING pc=0x0000025dd5159da8 sp=0x00000094e20fe780
Event: 28.118 Thread 0x0000025e19e8f2a0 DEOPT UNPACKING pc=0x0000025dd4897da2 sp=0x00000094e20fe6f0 mode 2
Event: 28.125 Thread 0x0000025e19e8f2a0 DEOPT PACKING pc=0x0000025dcd85fba0 sp=0x00000094e20fe950
Event: 28.125 Thread 0x0000025e19e8f2a0 DEOPT UNPACKING pc=0x0000025dd48988e2 sp=0x00000094e20fde08 mode 0

Classes loaded (20 events):
Event: 14.061 Loading class java/io/ObjectInputStream$GetField done
Event: 14.061 Loading class java/io/ObjectInputStream$FieldValues done
Event: 14.061 Loading class java/util/HashMap$UnsafeHolder
Event: 14.062 Loading class java/util/HashMap$UnsafeHolder done
Event: 14.064 Loading class java/net/UrlDeserializedState
Event: 14.065 Loading class java/net/UrlDeserializedState done
Event: 14.081 Loading class java/io/ObjectInputStream$Caches
Event: 14.082 Loading class java/io/ObjectInputStream$Caches done
Event: 14.082 Loading class java/io/ObjectInputStream$Caches$1
Event: 14.082 Loading class java/io/ObjectInputStream$Caches$1 done
Event: 15.194 Loading class java/nio/file/attribute/UserPrincipalLookupService
Event: 15.195 Loading class java/nio/file/attribute/UserPrincipalLookupService done
Event: 15.195 Loading class java/nio/file/WatchService
Event: 15.195 Loading class java/nio/file/WatchService done
Event: 15.861 Loading class java/lang/annotation/Repeatable
Event: 15.861 Loading class java/lang/annotation/Repeatable done
Event: 15.885 Loading class sun/reflect/annotation/AnnotationSupport
Event: 15.886 Loading class sun/reflect/annotation/AnnotationSupport done
Event: 18.269 Loading class jdk/internal/event/ThreadSleepEvent
Event: 18.269 Loading class jdk/internal/event/ThreadSleepEvent done

Classes unloaded (0 events):
No events

Classes redefined (0 events):
No events

Internal exceptions (20 events):
Event: 26.994 Thread 0x0000025e19e8f930 Exception <a 'java/lang/NoSuchMethodError'{0x000000065e9963a0}: 'void org.jetbrains.kotlin.analysis.api.impl.base.projectStructure.KaBaseContentScopeProvider.<init>(com.intellij.openapi.project.Project)'> (0x000000065e9963a0) 
thrown [s\src\hotspot\share\interpreter\linkResolver.cpp, line 784]
Event: 26.994 Thread 0x0000025e19e8f930 Exception <a 'java/lang/NoSuchMethodError'{0x000000065e997f80}: 'void org.jetbrains.kotlin.analysis.api.impl.base.projectStructure.KaBaseContentScopeProvider.<init>(com.intellij.openapi.project.Project, kotlinx.coroutines.CoroutineScope)'> (0x000000065e997f80) 
thrown [s\src\hotspot\share\interpreter\linkResolver.cpp, line 784]
Event: 26.994 Thread 0x0000025e19e8f930 Exception <a 'java/lang/NoSuchMethodError'{0x000000065e999b68}: 'void org.jetbrains.kotlin.analysis.api.impl.base.projectStructure.KaBaseContentScopeProvider.<init>(kotlinx.coroutines.CoroutineScope)'> (0x000000065e999b68) 
thrown [s\src\hotspot\share\interpreter\linkResolver.cpp, line 784]
Event: 26.994 Thread 0x0000025e19e8f930 Exception <a 'java/lang/NoSuchMethodError'{0x000000065e99cd80}: 'void org.jetbrains.kotlin.idea.base.analysisApiPlatform.projectStructure.scopes.IdeKotlinResolveScopeEnlargerBridge.<init>(com.intellij.openapi.project.Project)'> (0x000000065e99cd80) 
thrown [s\src\hotspot\share\interpreter\linkResolver.cpp, line 784]
Event: 26.994 Thread 0x0000025e19e8f930 Exception <a 'java/lang/NoSuchMethodError'{0x000000065e99e498}: 'void org.jetbrains.kotlin.idea.base.analysisApiPlatform.projectStructure.scopes.IdeKotlinResolveScopeEnlargerBridge.<init>(com.intellij.openapi.project.Project, kotlinx.coroutines.CoroutineScope)'> (0x000000065e99e498) 
thrown [s\src\hotspot\share\interpreter\linkResolver.cpp, line 784]
Event: 26.995 Thread 0x0000025e19e8f930 Exception <a 'java/lang/NoSuchMethodError'{0x000000065e99fbc8}: 'void org.jetbrains.kotlin.idea.base.analysisApiPlatform.projectStructure.scopes.IdeKotlinResolveScopeEnlargerBridge.<init>(kotlinx.coroutines.CoroutineScope)'> (0x000000065e99fbc8) 
thrown [s\src\hotspot\share\interpreter\linkResolver.cpp, line 784]
Event: 26.995 Thread 0x0000025e19e8f930 Exception <a 'java/lang/NoSuchMethodError'{0x000000065e9a1688}: 'void org.jetbrains.kotlin.analysis.api.impl.base.projectStructure.KaResolveExtensionToContentScopeRefinerBridge.<init>(com.intellij.openapi.project.Project)'> (0x000000065e9a1688) 
thrown [s\src\hotspot\share\interpreter\linkResolver.cpp, line 784]
Event: 26.995 Thread 0x0000025e19e8f930 Exception <a 'java/lang/NoSuchMethodError'{0x000000065e9a2d90}: 'void org.jetbrains.kotlin.analysis.api.impl.base.projectStructure.KaResolveExtensionToContentScopeRefinerBridge.<init>(com.intellij.openapi.project.Project, kotlinx.coroutines.CoroutineScope)'> (0x000000065e9a2d90) 
thrown [s\src\hotspot\share\interpreter\linkResolver.cpp, line 784]
Event: 26.995 Thread 0x0000025e19e8f930 Exception <a 'java/lang/NoSuchMethodError'{0x000000065e9a44b0}: 'void org.jetbrains.kotlin.analysis.api.impl.base.projectStructure.KaResolveExtensionToContentScopeRefinerBridge.<init>(kotlinx.coroutines.CoroutineScope)'> (0x000000065e9a44b0) 
thrown [s\src\hotspot\share\interpreter\linkResolver.cpp, line 784]
Event: 26.995 Thread 0x0000025e19e8f930 Exception <a 'java/lang/NoSuchMethodError'{0x000000065e9a5f58}: 'void org.jetbrains.kotlin.analysis.api.fir.projectStructure.KaFirLibraryTargetPlatformContentScopeRefiner.<init>(com.intellij.openapi.project.Project)'> (0x000000065e9a5f58) 
thrown [s\src\hotspot\share\interpreter\linkResolver.cpp, line 784]
Event: 26.995 Thread 0x0000025e19e8f930 Exception <a 'java/lang/NoSuchMethodError'{0x000000065e9a7638}: 'void org.jetbrains.kotlin.analysis.api.fir.projectStructure.KaFirLibraryTargetPlatformContentScopeRefiner.<init>(com.intellij.openapi.project.Project, kotlinx.coroutines.CoroutineScope)'> (0x000000065e9a7638) 
thrown [s\src\hotspot\share\interpreter\linkResolver.cpp, line 784]
Event: 26.995 Thread 0x0000025e19e8f930 Exception <a 'java/lang/NoSuchMethodError'{0x000000065e9a8d28}: 'void org.jetbrains.kotlin.analysis.api.fir.projectStructure.KaFirLibraryTargetPlatformContentScopeRefiner.<init>(kotlinx.coroutines.CoroutineScope)'> (0x000000065e9a8d28) 
thrown [s\src\hotspot\share\interpreter\linkResolver.cpp, line 784]
Event: 26.996 Thread 0x0000025e19e8f930 Exception <a 'java/lang/NoSuchMethodError'{0x000000065e9c1200}: 'void org.jetbrains.kotlin.idea.base.analysisApiPlatform.projectStructure.scopes.IdeKotlinUnionScopeMergeStrategy.<init>(com.intellij.openapi.project.Project)'> (0x000000065e9c1200) 
thrown [s\src\hotspot\share\interpreter\linkResolver.cpp, line 784]
Event: 26.996 Thread 0x0000025e19e8f930 Exception <a 'java/lang/NoSuchMethodError'{0x000000065e9c2908}: 'void org.jetbrains.kotlin.idea.base.analysisApiPlatform.projectStructure.scopes.IdeKotlinUnionScopeMergeStrategy.<init>(com.intellij.openapi.project.Project, kotlinx.coroutines.CoroutineScope)'> (0x000000065e9c2908) 
thrown [s\src\hotspot\share\interpreter\linkResolver.cpp, line 784]
Event: 26.996 Thread 0x0000025e19e8f930 Exception <a 'java/lang/NoSuchMethodError'{0x000000065e9c4028}: 'void org.jetbrains.kotlin.idea.base.analysisApiPlatform.projectStructure.scopes.IdeKotlinUnionScopeMergeStrategy.<init>(kotlinx.coroutines.CoroutineScope)'> (0x000000065e9c4028) 
thrown [s\src\hotspot\share\interpreter\linkResolver.cpp, line 784]
Event: 26.996 Thread 0x0000025e19e8f930 Exception <a 'java/lang/NoSuchMethodError'{0x000000065e9c6280}: 'void org.jetbrains.kotlin.analysis.api.impl.base.projectStructure.KotlinResolveExtensionGeneratedFileScopeMergeStrategy.<init>(com.intellij.openapi.project.Project)'> (0x000000065e9c6280) 
thrown [s\src\hotspot\share\interpreter\linkResolver.cpp, line 784]
Event: 26.996 Thread 0x0000025e19e8f930 Exception <a 'java/lang/NoSuchMethodError'{0x000000065df48ba0}: 'void org.jetbrains.kotlin.analysis.api.impl.base.projectStructure.KotlinResolveExtensionGeneratedFileScopeMergeStrategy.<init>(com.intellij.openapi.project.Project, kotlinx.coroutines.CoroutineScope)'> (0x000000065df48ba0) 
thrown [s\src\hotspot\share\interpreter\linkResolver.cpp, line 784]
Event: 26.996 Thread 0x0000025e19e8f930 Exception <a 'java/lang/NoSuchMethodError'{0x000000065df4a2f8}: 'void org.jetbrains.kotlin.analysis.api.impl.base.projectStructure.KotlinResolveExtensionGeneratedFileScopeMergeStrategy.<init>(kotlinx.coroutines.CoroutineScope)'> (0x000000065df4a2f8) 
thrown [s\src\hotspot\share\interpreter\linkResolver.cpp, line 784]
Event: 27.962 Thread 0x0000025e19e8def0 Implicit null exception at 0x0000025dd5260b14 to 0x0000025dd52611ec
Event: 27.962 Thread 0x0000025e1a6a81e0 Implicit null exception at 0x0000025dd54f72fa to 0x0000025dd54f7644

ZGC Phase Switch (0 events):
No events

VM Operations (20 events):
Event: 25.476 Executing VM operation: G1PauseCleanup done
Event: 25.706 Executing VM operation: G1CollectForAllocation (G1 Evacuation Pause)
Event: 25.720 Executing VM operation: G1CollectForAllocation (G1 Evacuation Pause) done
Event: 26.012 Executing VM operation: G1CollectForAllocation (G1 Evacuation Pause)
Event: 26.031 Executing VM operation: G1CollectForAllocation (G1 Evacuation Pause) done
Event: 26.464 Executing VM operation: G1CollectForAllocation (G1 Evacuation Pause)
Event: 26.464 Executing VM operation: G1CollectForAllocation (G1 Evacuation Pause) done
Event: 26.464 Executing VM operation: G1CollectForAllocation (GCLocker Initiated GC)
Event: 26.472 Executing VM operation: G1CollectForAllocation (GCLocker Initiated GC) done
Event: 26.569 Executing VM operation: G1PauseRemark
Event: 26.573 Executing VM operation: G1PauseRemark done
Event: 26.609 Executing VM operation: G1PauseCleanup
Event: 26.609 Executing VM operation: G1PauseCleanup done
Event: 26.816 Executing VM operation: G1CollectForAllocation (G1 Evacuation Pause)
Event: 26.816 Executing VM operation: G1CollectForAllocation (G1 Evacuation Pause) done
Event: 26.816 Executing VM operation: G1CollectForAllocation (GCLocker Initiated GC)
Event: 26.825 Executing VM operation: G1CollectForAllocation (GCLocker Initiated GC) done
Event: 27.143 Executing VM operation: G1CollectForAllocation (G1 Evacuation Pause)
Event: 27.470 Executing VM operation: G1CollectForAllocation (G1 Evacuation Pause) done
Event: 28.470 Executing VM operation: Cleanup

Memory protections (0 events):
No events

Nmethod flushes (20 events):
Event: 26.572 Thread 0x0000025de773a750 flushing  nmethod 0x0000025dcd5f0190
Event: 26.572 Thread 0x0000025de773a750 flushing  nmethod 0x0000025dcd70e610
Event: 26.572 Thread 0x0000025de773a750 flushing  nmethod 0x0000025dcd70fa90
Event: 26.572 Thread 0x0000025de773a750 flushing  nmethod 0x0000025dce0c8890
Event: 26.572 Thread 0x0000025de773a750 flushing  nmethod 0x0000025dce7f9410
Event: 26.572 Thread 0x0000025de773a750 flushing  nmethod 0x0000025dce7fbf10
Event: 26.572 Thread 0x0000025de773a750 flushing  nmethod 0x0000025dce81a190
Event: 26.572 Thread 0x0000025de773a750 flushing  nmethod 0x0000025dceaa1a10
Event: 26.572 Thread 0x0000025de773a750 flushing  nmethod 0x0000025dcef6f810
Event: 26.572 Thread 0x0000025de773a750 flushing  nmethod 0x0000025dcef7ad90
Event: 26.572 Thread 0x0000025de773a750 flushing  nmethod 0x0000025dcef7fd10
Event: 26.572 Thread 0x0000025de773a750 flushing  nmethod 0x0000025dcef82210
Event: 26.572 Thread 0x0000025de773a750 flushing  nmethod 0x0000025dcf14c210
Event: 26.572 Thread 0x0000025de773a750 flushing  nmethod 0x0000025dcf14d210
Event: 26.572 Thread 0x0000025de773a750 flushing  nmethod 0x0000025dcf14dd10
Event: 26.572 Thread 0x0000025de773a750 flushing  nmethod 0x0000025dcf14f310
Event: 26.572 Thread 0x0000025de773a750 flushing  nmethod 0x0000025dcf150110
Event: 26.572 Thread 0x0000025de773a750 flushing  nmethod 0x0000025dcf153690
Event: 26.572 Thread 0x0000025de773a750 flushing  nmethod 0x0000025dcf15a410
Event: 26.572 Thread 0x0000025de773a750 flushing  nmethod 0x0000025dcf15e990

Events (20 events):
Event: 22.674 Thread 0x0000025debaa4220 Thread exited: 0x0000025debaa4220
Event: 22.685 Thread 0x0000025debaa4fc0 Thread exited: 0x0000025debaa4fc0
Event: 22.685 Thread 0x0000025debaa3b50 Thread exited: 0x0000025debaa3b50
Event: 22.843 Thread 0x0000025debaa3480 Thread exited: 0x0000025debaa3480
Event: 23.299 Thread 0x0000025debaa6430 Thread added: 0x0000025e253c6e30
Event: 23.320 Thread 0x0000025e19bddd30 Thread added: 0x0000025e22565f20
Event: 23.910 Thread 0x0000025deb0870a0 Thread added: 0x0000025e253c3e80
Event: 23.910 Thread 0x0000025deb0870a0 Thread added: 0x0000025e253c7500
Event: 23.913 Thread 0x0000025e1b8a31f0 Thread added: 0x0000025e253c4c20
Event: 24.455 Thread 0x0000025e22565f20 Thread exited: 0x0000025e22565f20
Event: 25.342 Thread 0x0000025e19bdb5d0 Thread added: 0x0000025e225665b0
Event: 25.543 Thread 0x0000025e253c4c20 Thread exited: 0x0000025e253c4c20
Event: 25.925 Thread 0x0000025e253c7500 Thread exited: 0x0000025e253c7500
Event: 25.932 Thread 0x0000025e253c3e80 Thread exited: 0x0000025e253c3e80
Event: 26.437 Thread 0x0000025e225665b0 Thread exited: 0x0000025e225665b0
Event: 26.494 Thread 0x0000025e253c6e30 Thread exited: 0x0000025e253c6e30
Event: 27.564 Thread 0x0000025debaa2db0 Thread exited: 0x0000025debaa2db0
Event: 27.576 Thread 0x0000025debaa6430 Thread exited: 0x0000025debaa6430
Event: 27.962 Thread 0x0000025e1a6a81e0 Thread added: 0x0000025e238bc480
Event: 28.024 Thread 0x0000025e18a917e0 Thread added: 0x0000025e253c3e80


Dynamic libraries:
0x00007ff748280000 - 0x00007ff74828a000 	C:\Users\xszq\.cache\opencode\bin\kotlin-ls\jre\bin\java.exe
0x00007ffbd9940000 - 0x00007ffbd9ba7000 	C:\Windows\SYSTEM32\ntdll.dll
0x00007ffbd7f90000 - 0x00007ffbd8059000 	C:\Windows\System32\KERNEL32.DLL
0x00007ffbd6370000 - 0x00007ffbd6764000 	C:\Windows\System32\KERNELBASE.dll
0x00007ffbd7140000 - 0x00007ffbd728b000 	C:\Windows\System32\ucrtbase.dll
0x00007ffbc1330000 - 0x00007ffbc1348000 	C:\Users\xszq\.cache\opencode\bin\kotlin-ls\jre\bin\jli.dll
0x00007ffbad840000 - 0x00007ffbad85b000 	C:\Users\xszq\.cache\opencode\bin\kotlin-ls\jre\bin\VCRUNTIME140.dll
0x00007ffbd9630000 - 0x00007ffbd97f5000 	C:\Windows\System32\USER32.dll
0x00007ffbd7110000 - 0x00007ffbd7137000 	C:\Windows\System32\win32u.dll
0x00007ffbbf6c0000 - 0x00007ffbbf953000 	C:\Windows\WinSxS\amd64_microsoft.windows.common-controls_6595b64144ccf1df_6.0.26100.8115_none_3e075c82e3354f9c\COMCTL32.dll
0x00007ffbd80a0000 - 0x00007ffbd80cb000 	C:\Windows\System32\GDI32.dll
0x00007ffbd7ee0000 - 0x00007ffbd7f89000 	C:\Windows\System32\msvcrt.dll
0x00007ffbd6770000 - 0x00007ffbd689b000 	C:\Windows\System32\gdi32full.dll
0x00007ffbd6210000 - 0x00007ffbd62b3000 	C:\Windows\System32\msvcp_win.dll
0x00007ffbd8060000 - 0x00007ffbd8092000 	C:\Windows\System32\IMM32.DLL
0x00007ffbd14c0000 - 0x00007ffbd14cc000 	C:\Users\xszq\.cache\opencode\bin\kotlin-ls\jre\bin\vcruntime140_1.dll
0x00007ffb99d00000 - 0x00007ffb99d8d000 	C:\Users\xszq\.cache\opencode\bin\kotlin-ls\jre\bin\msvcp140.dll
0x00007ffad6550000 - 0x00007ffad731c000 	C:\Users\xszq\.cache\opencode\bin\kotlin-ls\jre\bin\server\jvm.dll
0x00007ffbd76d0000 - 0x00007ffbd7786000 	C:\Windows\System32\ADVAPI32.dll
0x00007ffbd8160000 - 0x00007ffbd8207000 	C:\Windows\System32\sechost.dll
0x00007ffbd8d00000 - 0x00007ffbd8e18000 	C:\Windows\System32\RPCRT4.dll
0x00007ffbd8a80000 - 0x00007ffbd8b00000 	C:\Windows\System32\WS2_32.dll
0x00007ffbd4dd0000 - 0x00007ffbd4e2e000 	C:\Windows\SYSTEM32\POWRPROF.dll
0x00007ffbcf890000 - 0x00007ffbcf89b000 	C:\Windows\SYSTEM32\VERSION.dll
0x00007ffbc9770000 - 0x00007ffbc97a6000 	C:\Windows\SYSTEM32\WINMM.dll
0x00007ffbd4db0000 - 0x00007ffbd4dc4000 	C:\Windows\SYSTEM32\UMPDC.dll
0x00007ffbd5080000 - 0x00007ffbd509b000 	C:\Windows\SYSTEM32\kernel.appcore.dll
0x00007ffbb76b0000 - 0x00007ffbb76ba000 	C:\Users\xszq\.cache\opencode\bin\kotlin-ls\jre\bin\jimage.dll
0x00007ffbd3e80000 - 0x00007ffbd40c2000 	C:\Windows\SYSTEM32\DBGHELP.DLL
0x00007ffbd8e20000 - 0x00007ffbd91a2000 	C:\Windows\System32\combase.dll
0x00007ffbd8230000 - 0x00007ffbd8308000 	C:\Windows\System32\OLEAUT32.dll
0x00007ffbc2370000 - 0x00007ffbc23ab000 	C:\Windows\SYSTEM32\dbgcore.DLL
0x00007ffbd62c0000 - 0x00007ffbd6365000 	C:\Windows\System32\bcryptPrimitives.dll
0x00007ffbad5c0000 - 0x00007ffbad5e0000 	C:\Users\xszq\.cache\opencode\bin\kotlin-ls\jre\bin\java.dll
0x00007ffbd8310000 - 0x00007ffbd8a77000 	C:\Windows\System32\SHELL32.dll
0x00007ffbd7560000 - 0x00007ffbd76ca000 	C:\Windows\System32\wintypes.dll
0x00007ffbd68a0000 - 0x00007ffbd7108000 	C:\Windows\System32\windows.storage.dll
0x00007ffbd9470000 - 0x00007ffbd9568000 	C:\Windows\System32\SHCORE.dll
0x00007ffbd95c0000 - 0x00007ffbd9626000 	C:\Windows\System32\shlwapi.dll
0x00007ffbd6130000 - 0x00007ffbd6159000 	C:\Windows\SYSTEM32\profapi.dll
0x00007ffbad510000 - 0x00007ffbad528000 	C:\Users\xszq\.cache\opencode\bin\kotlin-ls\jre\bin\zip.dll
0x00007ffbb6890000 - 0x00007ffbb68a0000 	C:\Users\xszq\.cache\opencode\bin\kotlin-ls\jre\bin\net.dll
0x00007ffbcf140000 - 0x00007ffbcf26d000 	C:\Windows\SYSTEM32\WINHTTP.dll
0x00007ffbd55d0000 - 0x00007ffbd563c000 	C:\Windows\system32\mswsock.dll
0x00007ffbad320000 - 0x00007ffbad336000 	C:\Users\xszq\.cache\opencode\bin\kotlin-ls\jre\bin\nio.dll
0x00007ffbd59d0000 - 0x00007ffbd59eb000 	C:\Windows\SYSTEM32\CRYPTSP.dll
0x00007ffbd4fe0000 - 0x00007ffbd5019000 	C:\Windows\system32\rsaenh.dll
0x00007ffbd5680000 - 0x00007ffbd56b3000 	C:\Windows\SYSTEM32\USERENV.dll
0x00007ffbd6100000 - 0x00007ffbd612a000 	C:\Windows\SYSTEM32\bcrypt.dll
0x00007ffbd5830000 - 0x00007ffbd583c000 	C:\Windows\SYSTEM32\CRYPTBASE.dll
0x00007ffbd4a20000 - 0x00007ffbd4a52000 	C:\Windows\SYSTEM32\IPHLPAPI.DLL
0x00007ffbd7c30000 - 0x00007ffbd7c3a000 	C:\Windows\System32\NSI.dll
0x00007ffb67c40000 - 0x00007ffb67d38000 	C:\Users\xszq\.cache\opencode\bin\kotlin-ls\native\filewatcher_jni.dll
0x00007ffbd7d00000 - 0x00007ffbd7e97000 	C:\Windows\System32\ole32.dll
0x00007ffb641e0000 - 0x00007ffb64378000 	C:\Users\xszq\.cache\opencode\bin\kotlin-ls\jre\bin\awt.dll
0x00007ffbd2e50000 - 0x00007ffbd2e7f000 	C:\Windows\SYSTEM32\dwmapi.dll
0x00007ffbbd2d0000 - 0x00007ffbbd346000 	C:\Windows\SYSTEM32\OLEACC.dll
0x00007ffbac980000 - 0x00007ffbac9c4000 	C:\Users\xszq\.cache\opencode\bin\kotlin-ls\jre\bin\nvdaControllerClient64.dll
0x00007ffbd2b70000 - 0x00007ffbd2c0f000 	C:\Windows\SYSTEM32\apphelp.dll
0x00007ffbad950000 - 0x00007ffbad959000 	C:\Users\xszq\.cache\opencode\bin\kotlin-ls\jre\bin\management.dll
0x00007ffbad6b0000 - 0x00007ffbad6bb000 	C:\Users\xszq\.cache\opencode\bin\kotlin-ls\jre\bin\management_ext.dll
0x00007ffbd7790000 - 0x00007ffbd7798000 	C:\Windows\System32\PSAPI.DLL
0x00007ffb5e5c0000 - 0x00007ffb5e609000 	C:\Users\xszq\AppData\Local\Temp\jna-3689330\jna1022957028243073551.dll
0x00007ffbd7c40000 - 0x00007ffbd7cee000 	C:\Windows\System32\clbcatq.dll
0x00007ffb7fc90000 - 0x00007ffb7fd4c000 	C:\Windows\System32\Windows.Devices.Enumeration.dll
0x00007ffbd1670000 - 0x00007ffbd1773000 	C:\Windows\System32\PROPSYS.dll
0x00007ffbb5640000 - 0x00007ffbb5701000 	C:\Windows\System32\StructuredQuery.dll
0x00007ffbbe1d0000 - 0x00007ffbbe46e000 	C:\Windows\System32\icu.dll
0x00007ffb7f990000 - 0x00007ffb7fa58000 	C:\Windows\System32\MSWB70804.dll
0x00007ffb7f500000 - 0x00007ffb7f856000 	C:\Windows\system32\NL7Data0804.dll
0x00007ffbd5ea0000 - 0x00007ffbd5ef1000 	C:\Windows\SYSTEM32\cfgmgr32.dll
0x00007ffb985e0000 - 0x00007ffb9860d000 	C:\Windows\System32\DevDispItemProvider.dll
0x00007ffbad4e0000 - 0x00007ffbad4f0000 	C:\Users\xszq\.cache\opencode\bin\kotlin-ls\jre\bin\verify.dll
0x00007ffbac690000 - 0x00007ffbac6b7000 	C:\Users\xszq\.gradle\native\c067742578af261105cb4f569cf0c3c89f3d7b1fecec35dd04571415982c5e48\windows-amd64\native-platform.dll
0x00007ffbad2b0000 - 0x00007ffbad2b9000 	C:\Users\xszq\.cache\opencode\bin\kotlin-ls\jre\bin\extnet.dll
0x00007ffbad2a0000 - 0x00007ffbad2ae000 	C:\Users\xszq\.cache\opencode\bin\kotlin-ls\jre\bin\sunmscapi.dll
0x00007ffbd7350000 - 0x00007ffbd74c7000 	C:\Windows\System32\CRYPT32.dll
0x00007ffbd5b30000 - 0x00007ffbd5b60000 	C:\Windows\SYSTEM32\ncrypt.dll
0x00007ffbd5ae0000 - 0x00007ffbd5b1f000 	C:\Windows\SYSTEM32\NTASN1.dll
0x00007ffb882d0000 - 0x00007ffb882d8000 	C:\Windows\system32\wshunix.dll

JVMTI agents: none

dbghelp: loaded successfully - version: 4.0.5 - missing functions: none
symbol engine: initialized successfully - sym options: 0x614 - pdb path: .;C:\Users\xszq\.cache\opencode\bin\kotlin-ls\jre\bin;C:\Windows\SYSTEM32;C:\Windows\WinSxS\amd64_microsoft.windows.common-controls_6595b64144ccf1df_6.0.26100.8115_none_3e075c82e3354f9c;C:\Users\xszq\.cache\opencode\bin\kotlin-ls\jre\bin\server;C:\Users\xszq\.cache\opencode\bin\kotlin-ls\native;C:\Users\xszq\AppData\Local\Temp\jna-3689330;C:\Users\xszq\.gradle\native\c067742578af261105cb4f569cf0c3c89f3d7b1fecec35dd04571415982c5e48\windows-amd64

VM Arguments:
jvm_args: --add-opens=java.base/java.io=ALL-UNNAMED --add-opens=java.base/java.lang=ALL-UNNAMED --add-opens=java.base/java.lang.ref=ALL-UNNAMED --add-opens=java.base/java.lang.reflect=ALL-UNNAMED --add-opens=java.base/java.net=ALL-UNNAMED --add-opens=java.base/java.nio=ALL-UNNAMED --add-opens=java.base/java.nio.charset=ALL-UNNAMED --add-opens=java.base/java.text=ALL-UNNAMED --add-opens=java.base/java.time=ALL-UNNAMED --add-opens=java.base/java.util=ALL-UNNAMED --add-opens=java.base/java.util.concurrent=ALL-UNNAMED --add-opens=java.base/java.util.concurrent.atomic=ALL-UNNAMED --add-opens=java.base/java.util.concurrent.locks=ALL-UNNAMED --add-opens=java.base/jdk.internal.ref=ALL-UNNAMED --add-opens=java.base/jdk.internal.vm=ALL-UNNAMED --add-opens=java.base/sun.net.dns=ALL-UNNAMED --add-opens=java.base/sun.nio.ch=ALL-UNNAMED --add-opens=java.base/sun.nio.fs=ALL-UNNAMED --add-opens=java.base/sun.security.ssl=ALL-UNNAMED --add-opens=java.base/sun.security.util=ALL-UNNAMED --add-opens=java.desktop/com.apple.eawt=ALL-UNNAMED --add-opens=java.desktop/com.apple.eawt.event=ALL-UNNAMED --add-opens=java.desktop/com.apple.laf=ALL-UNNAMED --add-opens=java.desktop/com.sun.java.swing=ALL-UNNAMED --add-opens=java.desktop/com.sun.java.swing.plaf.gtk=ALL-UNNAMED --add-opens=java.desktop/java.awt=ALL-UNNAMED --add-opens=java.desktop/java.awt.dnd.peer=ALL-UNNAMED --add-opens=java.desktop/java.awt.event=ALL-UNNAMED --add-opens=java.desktop/java.awt.font=ALL-UNNAMED --add-opens=java.desktop/java.awt.image=ALL-UNNAMED --add-opens=java.desktop/java.awt.peer=ALL-UNNAMED --add-opens=java.desktop/javax.swing=ALL-UNNAMED --add-opens=java.desktop/javax.swing.plaf.basic=ALL-UNNAMED --add-opens=java.desktop/javax.swing.text=ALL-UNNAMED --add-opens=java.desktop/javax.swing.text.html=ALL-UNNAMED --add-opens=java.desktop/sun.awt=ALL-UNNAMED --add-opens=java.desktop/sun.awt.X11=ALL-UNNAMED --add-opens=java.desktop/sun.awt.datatransfer=ALL-UNNAMED --add-opens=java.desktop/sun.awt.image=ALL-UNNAMED --add-opens=java.desktop/sun.awt.windows=ALL-UNNAMED --add-opens=java.desktop/sun.font=ALL-UNNAMED --add-opens=java.desktop/sun.java2d=ALL-UNNAMED --add-opens=java.desktop/sun.lwawt=ALL-UNNAMED --add-opens=java.desktop/sun.lwawt.macosx=ALL-UNNAMED --add-opens=java.desktop/sun.swing=ALL-UNNAMED --add-opens=java.management/sun.management=ALL-UNNAMED --add-opens=jdk.attach/sun.tools.attach=ALL-UNNAMED --add-opens=jdk.compiler/com.sun.tools.javac.api=ALL-UNNAMED --add-opens=jdk.internal.jvmstat/sun.jvmstat.monitor=ALL-UNNAMED --add-opens=jdk.jdi/com.sun.tools.jdi=ALL-UNNAMED --enable-native-access=ALL-UNNAMED -Djdk.lang.Process.launchMechanism=FORK -Djava.awt.headless=true -Djava.system.class.loader=com.intellij.util.lang.PathClassLoader -Xlog:cds=off 
java_command: com.jetbrains.ls.kotlinLsp.KotlinLspServerKt --stdio
java_class_path (initial): C:\Users\xszq\.cache\opencode\bin\kotlin-ls\\lib\aalto-xml-1.3.4.jar;C:\Users\xszq\.cache\opencode\bin\kotlin-ls\\lib\allopen-compiler-plugin-for-ide-2.4.0-dev-3554.jar;C:\Users\xszq\.cache\opencode\bin\kotlin-ls\\lib\analysis-api-for-ide-2.4.0-dev-3554.jar;C:\Users\xszq\.cache\opencode\bin\kotlin-ls\\lib\analysis-api-impl-base-for-ide-2.4.0-dev-3554.jar;C:\Users\xszq\.cache\opencode\bin\kotlin-ls\\lib\analysis-api-k2-for-ide-2.4.0-dev-3554.jar;C:\Users\xszq\.cache\opencode\bin\kotlin-ls\\lib\analysis-api-platform-interface-for-ide-2.4.0-dev-3554.jar;C:\Users\xszq\.cache\opencode\bin\kotlin-ls\\lib\annotations-26.0.2.jar;C:\Users\xszq\.cache\opencode\bin\kotlin-ls\\lib\ap-validation-all-1.0.226.jar;C:\Users\xszq\.cache\opencode\bin\kotlin-ls\\lib\asm-all-9.6.1.jar;C:\Users\xszq\.cache\opencode\bin\kotlin-ls\\lib\assignment-compiler-plugin-for-ide-2.4.0-dev-3554.jar;C:\Users\xszq\.cache\opencode\bin\kotlin-ls\\lib\automaton-1.12-4.jar;C:\Users\xszq\.cache\opencode\bin\kotlin-ls\\lib\bcpkix-jdk18on-1.83.jar;C:\Users\xszq\.cache\opencode\bin\kotlin-ls\\lib\bcprov-jdk18on-1.83.jar;C:\Users\xszq\.cache\opencode\bin\kotlin-ls\\lib\bcutil-jdk18on-1.83.jar;C:\Users\xszq\.cache\opencode\bin\kotlin-ls\\lib\blockmap-1.0.7.jar;C:\Users\xszq\.cache\opencode\bin\kotlin-ls\\lib\caffeine-3.2.3.jar;C:\Users\xszq\.cache\opencode\bin\kotlin-ls\\lib\cglib-nodep-3.3.0.jar;C:\Users\xszq\.cache\opencode\bin\kotlin-ls\\lib\classgraph-4.8.181.jar;C:\Users\xszq\.cache\opencode\bin\kotlin-ls\\lib\cli-parser-1.1.6.jar;C:\Users\xszq\.cache\opencode\bin\kotlin-ls\\lib\clikt-jvm-3.5.4.jar;C:\Users\xszq\.cache\opencode\bin\kotlin-ls\\lib\commons-cli-1.10.0.jar;C:\Users\xszq\.cache\opencode\bin\kotlin-ls\\lib\commons-codec-1.18.0.jar;C:\Users\xszq\.cache\opencode\bin\kotlin-ls\\lib\commons-compress-1.27.1.jar;C:\Users\xszq\.cache\opencode\bin\kotlin-ls\\lib\commons-imaging-1.0-RC-1.jar;C:\Users\xszq\.cache\opencode\bin\kotlin-ls\\lib\commons-io-2.18.0.jar;C:\Users\xszq\.cache\opencode\bin\kotlin-ls\\lib\commons-lang3-3.18.0.jar;C:\Users\xszq\.cache\opencode\bin\kotlin-ls\\lib\commons-logging-1.2.jar;C:\Users\xszq\.cache\opencode\bin\kotlin-ls\\lib\completion-ranking-java-0.9.3.jar;C:\Users\xszq\.cache\opencode\bin\kotlin-ls\\lib\compose-compiler-plugin-for-ide-2.4.0-dev-3554.jar;C:\Users\xszq\.cache\opencode\bin\kotlin-ls\\lib\dbus-java-core-4.2.1.jar;C:\Users\xszq\.cache\opencode\bin\kotlin-ls\\lib\dbus-java-transport-native-unixsocket-4.2.1.jar;C:\Users\xszq\.cache\opencode\bin\kotlin-ls\\lib\dd-plist-1.28.jar;C:\Users\xszq\.cache\opencode\bin\kotlin-ls\\lib\debugger-memory-agent-1.0.51.jar;C:\Users\xszq\.cache\opencode\bin\kotlin-ls\\lib\delight-rhino-sandbox-0.0.17.jar;C:\Users\xszq\.cache\opencode\bin\kotlin-ls\\lib\ec4j-core-0.3.0.jar;C:\Users\xszq\.cache\opencode\bin\kotlin-ls\\lib\error_prone_annotations-2.43.0.jar;C:\Users\xszq\.cache\opencode\bin\kotlin-ls\\lib\failureaccess-1.0.3.jar;C:\Users\xszq\.cache\opencode\bin\kotlin-ls\\lib\fleet.andel.jar;C:\Users\xszq\.cache\opencode\bin\kotlin-ls\\lib\fleet.bifurcan.jar;C:\Users\xszq\.cache\opencode\bin\kotlin-ls\\lib\fleet.fastutil.jar;C:\Users\xszq\.cache\opencode\bin\kotlin-ls\\lib\fleet.kernel.jar;C:\Users\xszq\.cache\opencode\bin\kotlin-ls\\lib\fleet.lsp.protocol.jar;C:\Users\xszq\.cache\opencode\bin\kotlin-ls\\lib\fleet.multiplatform.shims.jar;C:\Users\xszq\.cache\opencode\bin\kotlin-ls\\lib\fleet.reporting.api.jar;C:\Users\xszq\.cache\opencode\bin\kotlin-ls\\lib\fleet.reporting.shared.jar;C:\Users\xszq\.cache\opencode\bin\kotlin-ls\\lib\fleet.rhizomedb.jar;C:\Users\xszq\.cache\opencode\bin\kotlin-ls\\lib\fleet.rhizomedb.transactor.jar;C:\Users\xszq\.cache\opencode\bin\kotlin-ls\\lib\fleet.rhizomedb.transactor.rebase.jar;C:\Users\xszq\.cache\opencode\bin\kotlin-ls\\lib\fleet.rpc.jar;C:\Users\xszq\.cache\opencode\bin\kotlin-ls\\lib\fleet.rpc.server.jar;C:\Users\xszq\.cache\opencode\bin\kotlin-ls\\lib\fleet.util.codepoints.jar;C:\Users\xszq\.cache\opencode\bin\kotlin-ls\\lib\fleet.util.core.jar;C:\Users\xszq\.cache\opencode\bin\kotlin-ls\\lib\fleet.util.logging.api.jar;C:\Users\xszq\.cache\opencode\bin\kotlin-ls\\lib\fleet.util.serialization.jar;C:\Users\xszq\.cache\opencode\bin\kotlin-ls\\lib\forms-1.1-preview.jar;C:\Users\xszq\.cache\opencode\bin\kotlin-ls\\lib\fus-api-1.0.226.jar;C:\Users\xszq\.cache\opencode\bin\kotlin-ls\\lib\gradle-tooling-api-9.3.0.jar;C:\Users\xszq\.cache\opencode\bin\kotlin-ls\\lib\groovy-3.0.25.jar;C:\Users\xszq\.cache\opencode\bin\kotlin-ls\\lib\gson-2.13.2.jar;C:\Users\xszq\.cache\opencode\bin\kotlin-ls\\lib\guava-33.5.0-jre.jar;C:\Users\xszq\.cache\opencode\bin\kotlin-ls\\lib\h2-mvstore-2.3.232.jar;C:\Users\xszq\.cache\opencode\bin\kotlin-ls\\lib\hash4j-0.29.0.jar;C:\Users\xszq\.cache\opencode\bin\kotlin-ls\\lib\HdrHistogram-2.2.2.jar;C:\Users\xszq\.cache\opencode\bin\kotlin-ls\\lib\httpclient-4.5.14.jar;C:\Users\xszq\.cache\opencode\bin\kotlin-ls\\lib\httpcore-4.4.16.jar;C:\Users\xszq\.cache\opencode\bin\kotlin-ls\\lib\httpmime-4.5.14.jar;C:\Users\xszq\.cache\opencode\bin\kotlin-ls\\lib\icu4j-77.1.jar;C:\Users\xszq\.cache\opencode\bin\kotlin-ls\\lib\imgscalr-lib-4.2.jar;C:\Users\xszq\.cache\opencode\bin\kotlin-ls\\lib\intellij-deps-fastutil-8.5.18-jb1.jar;C:\Users\xszq\.cache\opencode\bin\kotlin-ls\\lib\intellij-test-discovery-agent-1.0.771.jar;C:\Users\xszq\.cache\opencode\bin\kotlin-ls\\lib\intellij.codeServer.core.jar;C:\Users\xszq\.cache\opencode\bin\kotlin-ls\\lib\intellij.codeServer.protocol.jar;C:\Users\xszq\.cache\opencode\bin\kotlin-ls\\lib\intellij.editorconfig.backend.jar;C:\Users\xszq\.cache\opencode\bin\kotlin-ls\\lib\intellij.editorconfig.common.jar;C:\Users\xszq\.cache\opencode\bin\kotlin-ls\\lib\intellij.java.aetherDependencyResolver.jar;C:\Users\xszq\.cache\opencode\bin\kotlin-ls\\lib\intellij.java.analysis.impl.jar;C:\Users\xszq\.cache\opencode\bin\kotlin-ls\\lib\intellij.java.analysis.jar;C:\Users\xszq\.cache\opencode\bin\kotlin-ls\\lib\intellij.java.backend.jar;C:\Users\xszq\.cache\opencode\bin\kotlin-ls\\lib\intellij.java.codeserver.core.jar;C:\Users\xszq\.cache\opencode\bin\kotlin-ls\\lib\intellij.java.codeserver.highlighting.jar;C:\Users\xszq\.cache\opencode\bin\kotlin-ls\\lib\intellij.java.compiler.impl.jar;C:\Users\xszq\.cache\opencode\bin\kotlin-ls\\lib\intellij.java.compiler.instrumentationUtil.jar;C:\Users\xszq\.cache\opencode\bin\kotlin-ls\\lib\intellij.java.compiler.jar;C:\Users\xszq\.cache\opencode\bin\kotlin-ls\\lib\intellij.java.debugger.impl.backend.jar;C:\Users\xszq\.cache\opencode\bin\kotlin-ls\\lib\intellij.java.debugger.impl.jar;C:\Users\xszq\.cache\opencode\bin\kotlin-ls\\lib\intellij.java.debugger.impl.shared.jar;C:\Users\xszq\.cache\opencode\bin\kotlin-ls\\lib\intellij.java.debugger.jar;C:\Users\xszq\.cache\opencode\bin\kotlin-ls\\lib\intellij.java.debugger.memory.agent.jar;C:\Users\xszq\.cache\opencode\bin\kotlin-ls\\lib\intellij.java.execution.impl.jar;C:\Users\xszq\.cache\opencode\bin\kotlin-ls\\lib\intellij.java.execution.jar;C:\Users\xszq\.cache\opencode\bin\kotlin-ls\\lib\intellij.java.frontback.impl.jar;C:\Users\xszq\.cache\opencode\bin\kotlin-ls\\lib\intellij.java.frontback.psi.impl.jar;C:\Users\xszq\.cache\opencode\bin\kotlin-ls\\lib\intellij.java.frontback.psi.jar;C:\Users\xszq\.cache\opencode\bin\kotlin-ls\\lib\intellij.java.guiForms.compiler.jar;C:\Users\xszq\.cache\opencode\bin\kotlin-ls\\lib\intellij.java.guiForms.rt.jar;C:\Users\xszq\.cache\opencode\bin\kotlin-ls\\lib\intellij.java.impl.jar;C:\Users\xszq\.cache\opencode\bin\kotlin-ls\\lib\intellij.java.impl.refactorings.jar;C:\Users\xszq\.cache\opencode\bin\kotlin-ls\\lib\intellij.java.indexing.impl.jar;C:\Users\xszq\.cache\opencode\bin\kotlin-ls\\lib\intellij.java.indexing.jar;C:\Users\xszq\.cache\opencode\bin\kotlin-ls\\lib\intellij.java.jar;C:\Users\xszq\.cache\opencode\bin\kotlin-ls\\lib\intellij.java.manifest.jar;C:\Users\xszq\.cache\opencode\bin\kotlin-ls\\lib\intellij.java.psi.impl.jar;C:\Users\xszq\.cache\opencode\bin\kotlin-ls\\lib\intellij.java.psi.jar;C:\Users\xszq\.cache\opencode\bin\kotlin-ls\\lib\intellij.java.resources.en.jar;C:\Users\xszq\.cache\opencode\bin\kotlin-ls\\lib\intellij.java.resources.jar;C:\Users\xszq\.cache\opencode\bin\kotlin-ls\\lib\intellij.java.rt.jar;C:\Users\xszq\.cache\opencode\bin\kotlin-ls\\lib\intellij.java.structureView.jar;C:\Users\xszq\.cache\opencode\bin\kotlin-ls\\lib\intellij.java.syntax.jar;C:\Users\xszq\.cache\opencode\bin\kotlin-ls\\lib\intellij.java.uast.jar;C:\Users\xszq\.cache\opencode\bin\kotlin-ls\\lib\intellij.java.ui.jar;C:\Users\xszq\.cache\opencode\bin\kotlin-ls\\lib\intellij.jsp.base.jar;C:\Users\xszq\.cache\opencode\bin\kotlin-ls\\lib\intellij.jsp.jar;C:\Users\xszq\.cache\opencode\bin\kotlin-ls\\lib\intellij.jsp.spi.jar;C:\Users\xszq\.cache\opencode\bin\kotlin-ls\\lib\intellij.jvm.analysis.jar;C:\Users\xszq\.cache\opencode\bin\kotlin-ls\\lib\intellij.kotlin.analysis.platform.jar;C:\Users\xszq\.cache\opencode\bin\kotlin-ls\\lib\intellij.kotlin.base.analysis.jar;C:\Users\xszq\.cache\opencode\bin\kotlin-ls\\lib\intellij.kotlin.base.analysis.platform.jar;C:\Users\xszq\.cache\opencode\bin\kotlin-ls\\lib\intellij.kotlin.base.analysis.utils.jar;C:\Users\xszq\.cache\opencode\bin\kotlin-ls\\lib\intellij.kotlin.base.codeInsight.jar;C:\Users\xszq\.cache\opencode\bin\kotlin-ls\\lib\intellij.kotlin.base.codeInsight.minimal.jar;C:\Users\xszq\.cache\opencode\bin\kotlin-ls\\lib\intellij.kotlin.base.compilerConfiguration.jar;C:\Users\xszq\.cache\opencode\bin\kotlin-ls\\lib\intellij.kotlin.base.externalSystem.jar;C:\Users\xszq\.cache\opencode\bin\kotlin-ls\\lib\intellij.kotlin.base.facet.jar;C:\Users\xszq\.cache\opencode\bin\kotlin-ls\\lib\intellij.kotlin.base.indices.jar;C:\Users\xszq\.cache\opencode\bin\kotlin-ls\\lib\intellij.kotlin.base.jps.jar;C:\Users\xszq\.cache\opencode\bin\kotlin-ls\\lib\intellij.kotlin.base.kdoc.jar;C:\Users\xszq\.cache\opencode\bin\kotlin-ls\\lib\intellij.kotlin.base.platforms.jar;C:\Users\xszq\.cache\opencode\bin\kotlin-ls\\lib\intellij.kotlin.base.plugin.jar;C:\Users\xszq\.cache\opencode\bin\kotlin-ls\\lib\intellij.kotlin.base.projectModel.jar;C:\Users\xszq\.cache\opencode\bin\kotlin-ls\\lib\intellij.kotlin.base.projectStructure.jar;C:\Users\xszq\.cache\opencode\bin\kotlin-ls\\lib\intellij.kotlin.base.psi.jar;C:\Users\xszq\.cache\opencode\bin\kotlin-ls\\lib\intellij.kotlin.base.resources.jar;C:\Users\xszq\.cache\opencode\bin\kotlin-ls\\lib\intellij.kotlin.base.scripting.jar;C:\Users\xszq\.cache\opencode\bin\kotlin-ls\\lib\intellij.kotlin.base.scripting.shared.jar;C:\Users\xszq\.cache\opencode\bin\kotlin-ls\\lib\intellij.kotlin.base.serialization.jar;C:\Users\xszq\.cache\opencode\bin\kotlin-ls\\lib\intellij.kotlin.base.statistics.jar;C:\Users\xszq\.cache\opencode\bin\kotlin-ls\\lib\intellij.kotlin.base.util.jar;C:\Users\xszq\.cache\opencode\bin\kotlin-ls\\lib\intellij.kotlin.codeInsight.api.jar;C:\Users\xszq\.cache\opencode\bin\kotlin-ls\\lib\intellij.kotlin.codeInsight.base.jar;C:\Users\xszq\.cache\opencode\bin\kotlin-ls\\lib\intellij.kotlin.codeInsight.descriptions.jar;C:\Users\xszq\.cache\opencode\bin\kotlin-ls\\lib\intellij.kotlin.codeInsight.fixes.jar;C:\Users\xszq\.cache\opencode\bin\kotlin-ls\\lib\intellij.kotlin.codeInsight.inspections.jar;C:\Users\xszq\.cache\opencode\bin\kotlin-ls\\lib\intellij.kotlin.codeInsight.intentions.jar;C:\Users\xszq\.cache\opencode\bin\kotlin-ls\\lib\intellij.kotlin.codeInsight.jar;C:\Users\xszq\.cache\opencode\bin\kotlin-ls\\lib\intellij.kotlin.codeInsight.overrideImplement.jar;C:\Users\xszq\.cache\opencode\bin\kotlin-ls\\lib\intellij.kotlin.codeInsight.shared.jar;C:\Users\xszq\.cache\opencode\bin\kotlin-ls\\lib\intellij.kotlin.codeInsight.utils.jar;C:\Users\xszq\.cache\opencode\bin\kotlin-ls\\lib\intellij.kotlin.compilerPlugins.support.bundled.jar;C:\Users\xszq\.cache\opencode\bin\kotlin-ls\\lib\intellij.kotlin.completion.api.jar;C:\Users\xszq\.cache\opencode\bin\kotlin-ls\\lib\intellij.kotlin.completion.impl.jar;C:\Users\xszq\.cache\opencode\bin\kotlin-ls\\lib\intellij.kotlin.formatter.jar;C:\Users\xszq\.cache\opencode\bin\kotlin-ls\\lib\intellij.kotlin.formatter.minimal.jar;C:\Users\xszq\.cache\opencode\bin\kotlin-ls\\lib\intellij.kotlin.highlighting.jar;C:\Users\xszq\.cache\opencode\bin\kotlin-ls\\lib\intellij.kotlin.highlighting.minimal.jar;C:\Users\xszq\.cache\opencode\bin\kotlin-ls\\lib\intellij.kotlin.ide.jar;C:\Users\xszq\.cache\opencode\bin\kotlin-ls\\lib\intellij.kotlin.jvm.debugger.base.util.jar;C:\Users\xszq\.cache\opencode\bin\kotlin-ls\\lib\intellij.kotlin.jvm.debugger.core.jar;C:\Users\xszq\.cache\opencode\bin\kotlin-ls\\lib\intellij.kotlin.jvm.debugger.coroutines.jar;C:\Users\xszq\.cache\opencode\bin\kotlin-ls\\lib\intellij.kotlin.jvm.debugger.eval4j.jar;C:\Users\xszq\.cache\opencode\bin\kotlin-ls\\lib\intellij.kotlin.navigation.jar;C:\Users\xszq\.cache\opencode\bin\kotlin-ls\\lib\intellij.kotlin.plugin.updater.jar;C:\Users\xszq\.cache\opencode\bin\kotlin-ls\\lib\intellij.kotlin.preferences.jar;C:\Users\xszq\.cache\opencode\bin\kotlin-ls\\lib\intellij.kotlin.projectConfiguration.jar;C:\Users\xszq\.cache\opencode\bin\kotlin-ls\\lib\intellij.kotlin.projectStructure.jar;C:\Users\xszq\.cache\opencode\bin\kotlin-ls\\lib\intellij.kotlin.refactorings.jar;C:\Users\xszq\.cache\opencode\bin\kotlin-ls\\lib\intellij.kotlin.refactorings.move.jar;C:\Users\xszq\.cache\opencode\bin\kotlin-ls\\lib\intellij.kotlin.refactorings.rename.jar;C:\Users\xszq\.cache\opencode\bin\kotlin-ls\\lib\intellij.kotlin.runConfigurations.jvm.jar;C:\Users\xszq\.cache\opencode\bin\kotlin-ls\\lib\intellij.kotlin.searching.base.jar;C:\Users\xszq\.cache\opencode\bin\kotlin-ls\\lib\intellij.kotlin.searching.jar;C:\Users\xszq\.cache\opencode\bin\kotlin-ls\\lib\intellij.kotlin.uast.base.jar;C:\Users\xszq\.cache\opencode\bin\kotlin-ls\\lib\intellij.kotlin.uast.idea.base.jar;C:\Users\xszq\.cache\opencode\bin\kotlin-ls\\lib\intellij.kotlin.uast.idea.jar;C:\Users\xszq\.cache\opencode\bin\kotlin-ls\\lib\intellij.kotlin.uast.jar;C:\Users\xszq\.cache\opencode\bin\kotlin-ls\\lib\intellij.libraries.aalto.xml.jar;C:\Users\xszq\.cache\opencode\bin\kotlin-ls\\lib\intellij.libraries.asm.jar;C:\Users\xszq\.cache\opencode\bin\kotlin-ls\\lib\intellij.libraries.automaton.jar;C:\Users\xszq\.cache\opencode\bin\kotlin-ls\\lib\intellij.libraries.blockmap.jar;C:\Users\xszq\.cache\opencode\bin\kotlin-ls\\lib\intellij.libraries.bouncy.castle.provider.jar;C:\Users\xszq\.cache\opencode\bin\kotlin-ls\\lib\intellij.libraries.caffeine.jar;C:\Users\xszq\.cache\opencode\bin\kotlin-ls\\lib\intellij.libraries.cglib.jar;C:\Users\xszq\.cache\opencode\bin\kotlin-ls\\lib\intellij.libraries.classgraph.jar;C:\Users\xszq\.cache\opencode\bin\kotlin-ls\\lib\intellij.libraries.cli.parser.jar;C:\Users\xszq\.cache\opencode\bin\kotlin-ls\\lib\intellij.libraries.commons.cli.jar;C:\Users\xszq\.cache\opencode\bin\kotlin-ls\\lib\intellij.libraries.commons.codec.jar;C:\Users\xszq\.cache\opencode\bin\kotlin-ls\\lib\intellij.libraries.commons.compress.jar;C:\Users\xszq\.cache\opencode\bin\kotlin-ls\\lib\intellij.libraries.commons.imaging.jar;C:\Users\xszq\.cache\opencode\bin\kotlin-ls\\lib\intellij.libraries.commons.io.jar;C:\Users\xszq\.cache\opencode\bin\kotlin-ls\\lib\intellij.libraries.commons.lang3.jar;C:\Users\xszq\.cache\opencode\bin\kotlin-ls\\lib\intellij.libraries.commons.logging.jar;C:\Users\xszq\.cache\opencode\bin\kotlin-ls\\lib\intellij.libraries.fastutil.jar;C:\Users\xszq\.cache\opencode\bin\kotlin-ls\\lib\intellij.libraries.gson.jar;C:\Users\xszq\.cache\opencode\bin\kotlin-ls\\lib\intellij.libraries.guava.jar;C:\Users\xszq\.cache\opencode\bin\kotlin-ls\\lib\intellij.libraries.hash4j.jar;C:\Users\xszq\.cache\opencode\bin\kotlin-ls\\lib\intellij.libraries.hdr.histogram.jar;C:\Users\xszq\.cache\opencode\bin\kotlin-ls\\lib\intellij.libraries.http.client.jar;C:\Users\xszq\.cache\opencode\bin\kotlin-ls\\lib\intellij.libraries.icu4j.jar;C:\Users\xszq\.cache\opencode\bin\kotlin-ls\\lib\intellij.libraries.imgscalr.jar;C:\Users\xszq\.cache\opencode\bin\kotlin-ls\\lib\intellij.libraries.ion.jar;C:\Users\xszq\.cache\opencode\bin\kotlin-ls\\lib\intellij.libraries.jackson.databind.jar;C:\Users\xszq\.cache\opencode\bin\kotlin-ls\\lib\intellij.libraries.jackson.jar;C:\Users\xszq\.cache\opencode\bin\kotlin-ls\\lib\intellij.libraries.jackson.jr.objects.jar;C:\Users\xszq\.cache\opencode\bin\kotlin-ls\\lib\intellij.libraries.jackson.module.kotlin.jar;C:\Users\xszq\.cache\opencode\bin\kotlin-ls\\lib\intellij.libraries.javax.annotation.jar;C:\Users\xszq\.cache\opencode\bin\kotlin-ls\\lib\intellij.libraries.jaxen.jar;C:\Users\xszq\.cache\opencode\bin\kotlin-ls\\lib\intellij.libraries.jbr.jar;C:\Users\xszq\.cache\opencode\bin\kotlin-ls\\lib\intellij.libraries.jcef.jar;C:\Users\xszq\.cache\opencode\bin\kotlin-ls\\lib\intellij.libraries.jcip.jar;C:\Users\xszq\.cache\opencode\bin\kotlin-ls\\lib\intellij.libraries.jediterm.core.jar;C:\Users\xszq\.cache\opencode\bin\kotlin-ls\\lib\intellij.libraries.jediterm.ui.jar;C:\Users\xszq\.cache\opencode\bin\kotlin-ls\\lib\intellij.libraries.jgoodies.forms.jar;C:\Users\xszq\.cache\opencode\bin\kotlin-ls\\lib\intellij.libraries.jsoup.jar;C:\Users\xszq\.cache\opencode\bin\kotlin-ls\\lib\intellij.libraries.jspecify.jar;C:\Users\xszq\.cache\opencode\bin\kotlin-ls\\lib\intellij.libraries.jsvg.jar;C:\Users\xszq\.cache\opencode\bin\kotlin-ls\\lib\intellij.libraries.jvm.native.trusted.roots.jar;C:\Users\xszq\.cache\opencode\bin\kotlin-ls\\lib\intellij.libraries.kotlin.reflect.jar;C:\Users\xszq\.cache\opencode\bin\kotlin-ls\\lib\intellij.libraries.kotlinx.collections.immutable.jar;C:\Users\xszq\.cache\opencode\bin\kotlin-ls\\lib\intellij.libraries.kotlinx.coroutines.core.jar;C:\Users\xszq\.cache\opencode\bin\kotlin-ls\\lib\intellij.libraries.kotlinx.coroutines.debug.jar;C:\Users\xszq\.cache\opencode\bin\kotlin-ls\\lib\intellij.libraries.kotlinx.coroutines.guava.jar;C:\Users\xszq\.cache\opencode\bin\kotlin-ls\\lib\intellij.libraries.kotlinx.datetime.jar;C:\Users\xszq\.cache\opencode\bin\kotlin-ls\\lib\intellij.libraries.kotlinx.html.jar;C:\Users\xszq\.cache\opencode\bin\kotlin-ls\\lib\intellij.libraries.kotlinx.io.jar;C:\Users\xszq\.cache\opencode\bin\kotlin-ls\\lib\intellij.libraries.kotlinx.serialization.core.jar;C:\Users\xszq\.cache\opencode\bin\kotlin-ls\\lib\intellij.libraries.kotlinx.serialization.json.jar;C:\Users\xszq\.cache\opencode\bin\kotlin-ls\\lib\intellij.libraries.kotlinx.serialization.protobuf.jar;C:\Users\xszq\.cache\opencode\bin\kotlin-ls\\lib\intellij.libraries.kryo5.jar;C:\Users\xszq\.cache\opencode\bin\kotlin-ls\\lib\intellij.libraries.ktor.client.jar;C:\Users\xszq\.cache\opencode\bin\kotlin-ls\\lib\intellij.libraries.ktor.io.jar;C:\Users\xszq\.cache\opencode\bin\kotlin-ls\\lib\intellij.libraries.ktor.network.tls.jar;C:\Users\xszq\.cache\opencode\bin\kotlin-ls\\lib\intellij.libraries.ktor.utils.jar;C:\Users\xszq\.cache\opencode\bin\kotlin-ls\\lib\intellij.libraries.lucene.common.jar;C:\Users\xszq\.cache\opencode\bin\kotlin-ls\\lib\intellij.libraries.lz4.jar;C:\Users\xszq\.cache\opencode\bin\kotlin-ls\\lib\intellij.libraries.markdown.jar;C:\Users\xszq\.cache\opencode\bin\kotlin-ls\\lib\intellij.libraries.maven.resolver.provider.jar;C:\Users\xszq\.cache\opencode\bin\kotlin-ls\\lib\intellij.libraries.microba.jar;C:\Users\xszq\.cache\opencode\bin\kotlin-ls\\lib\intellij.libraries.miglayout.swing.jar;C:\Users\xszq\.cache\opencode\bin\kotlin-ls\\lib\intellij.libraries.mvstore.jar;C:\Users\xszq\.cache\opencode\bin\kotlin-ls\\lib\intellij.libraries.netty.buffer.jar;C:\Users\xszq\.cache\opencode\bin\kotlin-ls\\lib\intellij.libraries.netty.codec.compression.jar;C:\Users\xszq\.cache\opencode\bin\kotlin-ls\\lib\intellij.libraries.netty.codec.http.jar;C:\Users\xszq\.cache\opencode\bin\kotlin-ls\\lib\intellij.libraries.oro.matcher.jar;C:\Users\xszq\.cache\opencode\bin\kotlin-ls\\lib\intellij.libraries.plexus.utils.jar;C:\Users\xszq\.cache\opencode\bin\kotlin-ls\\lib\intellij.libraries.protobuf.jar;C:\Users\xszq\.cache\opencode\bin\kotlin-ls\\lib\intellij.libraries.proxy.vole.jar;C:\Users\xszq\.cache\opencode\bin\kotlin-ls\\lib\intellij.libraries.pty4j.jar;C:\Users\xszq\.cache\opencode\bin\kotlin-ls\\lib\intellij.libraries.rd.core.jar;C:\Users\xszq\.cache\opencode\bin\kotlin-ls\\lib\intellij.libraries.rd.framework.jar;C:\Users\xszq\.cache\opencode\bin\kotlin-ls\\lib\intellij.libraries.rd.swing.jar;C:\Users\xszq\.cache\opencode\bin\kotlin-ls\\lib\intellij.libraries.rd.text.jar;C:\Users\xszq\.cache\opencode\bin\kotlin-ls\\lib\intellij.libraries.snakeyaml.engine.jar;C:\Users\xszq\.cache\opencode\bin\kotlin-ls\\lib\intellij.libraries.snakeyaml.jar;C:\Users\xszq\.cache\opencode\bin\kotlin-ls\\lib\intellij.libraries.stream.jar;C:\Users\xszq\.cache\opencode\bin\kotlin-ls\\lib\intellij.libraries.swingx.jar;C:\Users\xszq\.cache\opencode\bin\kotlin-ls\\lib\intellij.libraries.velocity.jar;C:\Users\xszq\.cache\opencode\bin\kotlin-ls\\lib\intellij.libraries.winp.jar;C:\Users\xszq\.cache\opencode\bin\kotlin-ls\\lib\intellij.libraries.xerces.jar;C:\Users\xszq\.cache\opencode\bin\kotlin-ls\\lib\intellij.libraries.xstream.jar;C:\Users\xszq\.cache\opencode\bin\kotlin-ls\\lib\intellij.libraries.xz.jar;C:\Users\xszq\.cache\opencode\bin\kotlin-ls\\lib\intellij.platform.analysis.impl.jar;C:\Users\xszq\.cache\opencode\bin\kotlin-ls\\lib\intellij.platform.analysis.jar;C:\Users\xszq\.cache\opencode\bin\kotlin-ls\\lib\intellij.platform.backend.jar;C:\Users\xszq\.cache\opencode\bin\kotlin-ls\\lib\intellij.platform.backend.observation.jar;C:\Users\xszq\.cache\opencode\bin\kotlin-ls\\lib\intellij.platform.backend.workspace.jar;C:\Users\xszq\.cache\opencode\bin\kotlin-ls\\lib\intellij.platform.bookmarks.jar;C:\Users\xszq\.cache\opencode\bin\kotlin-ls\\lib\intellij.platform.boot.jar;C:\Users\xszq\.cache\opencode\bin\kotlin-ls\\lib\intellij.platform.bootstrap.coroutine.jar;C:\Users\xszq\.cache\opencode\bin\kotlin-ls\\lib\intellij.platform.buildData.jar;C:\Users\xszq\.cache\opencode\bin\kotlin-ls\\lib\intellij.platform.buildScripts.downloader.jar;C:\Users\xszq\.cache\opencode\bin\kotlin-ls\\lib\intellij.platform.builtInServer.impl.jar;C:\Users\xszq\.cache\opencode\bin\kotlin-ls\\lib\intellij.platform.builtInServer.jar;C:\Users\xszq\.cache\opencode\bin\kotlin-ls\\lib\intellij.platform.codeStyle.impl.jar;C:\Users\xszq\.cache\opencode\bin\kotlin-ls\\lib\intellij.platform.codeStyle.jar;C:\Users\xszq\.cache\opencode\bin\kotlin-ls\\lib\intellij.platform.collaborationTools.jar;C:\Users\xszq\.cache\opencode\bin\kotlin-ls\\lib\intellij.platform.concurrency.jar;C:\Users\xszq\.cache\opencode\bin\kotlin-ls\\lib\intellij.platform.configurationStore.impl.jar;C:\Users\xszq\.cache\opencode\bin\kotlin-ls\\lib\intellij.platform.core.impl.jar;C:\Users\xszq\.cache\opencode\bin\kotlin-ls\\lib\intellij.platform.core.jar;C:\Users\xszq\.cache\opencode\bin\kotlin-ls\\lib\intellij.platform.core.nio.fs.jar;C:\Users\xszq\.cache\opencode\bin\kotlin-ls\\lib\intellij.platform.core.ui.jar;C:\Users\xszq\.cache\opencode\bin\kotlin-ls\\lib\intellij.platform.credentialStore.impl.jar;C:\Users\xszq\.cache\opencode\bin\kotlin-ls\\lib\intellij.platform.credentialStore.jar;C:\Users\xszq\.cache\opencode\bin\kotlin-ls\\lib\intellij.platform.credentialStore.ui.jar;C:\Users\xszq\.cache\opencode\bin\kotlin-ls\\lib\intellij.platform.debugger.impl.backend.jar;C:\Users\xszq\.cache\opencode\bin\kotlin-ls\\lib\intellij.platform.debugger.impl.jar;C:\Users\xszq\.cache\opencode\bin\kotlin-ls\\lib\intellij.platform.debugger.impl.rpc.jar;C:\Users\xszq\.cache\opencode\bin\kotlin-ls\\lib\intellij.platform.debugger.impl.shared.jar;C:\Users\xszq\.cache\opencode\bin\kotlin-ls\\lib\intellij.platform.debugger.impl.ui.jar;C:\Users\xszq\.cache\opencode\bin\kotlin-ls\\lib\intellij.platform.debugger.jar;C:\Users\xszq\.cache\opencode\bin\kotlin-ls\\lib\intellij.platform.diagnostic.jar;C:\Users\xszq\.cache\opencode\bin\kotlin-ls\\lib\intellij.platform.diagnostic.startUpPerformanceReporter.jar;C:\Users\xszq\.cache\opencode\bin\kotlin-ls\\lib\intellij.platform.diagnostic.telemetry.exporters.jar;C:\Users\xszq\.cache\opencode\bin\kotlin-ls\\lib\intellij.platform.diagnostic.telemetry.impl.jar;C:\Users\xszq\.cache\opencode\bin\kotlin-ls\\lib\intellij.platform.diagnostic.telemetry.jar;C:\Users\xszq\.cache\opencode\bin\kotlin-ls\\lib\intellij.platform.diagnostic.telemetry.rt.jar;C:\Users\xszq\.cache\opencode\bin\kotlin-ls\\lib\intellij.platform.diff.impl.jar;C:\Users\xszq\.cache\opencode\bin\kotlin-ls\\lib\intellij.platform.diff.jar;C:\Users\xszq\.cache\opencode\bin\kotlin-ls\\lib\intellij.platform.editor.ex.jar;C:\Users\xszq\.cache\opencode\bin\kotlin-ls\\lib\intellij.platform.editor.ui.jar;C:\Users\xszq\.cache\opencode\bin\kotlin-ls\\lib\intellij.platform.eel.impl.jar;C:\Users\xszq\.cache\opencode\bin\kotlin-ls\\lib\intellij.platform.eel.jar;C:\Users\xszq\.cache\opencode\bin\kotlin-ls\\lib\intellij.platform.eel.provider.jar;C:\Users\xszq\.cache\opencode\bin\kotlin-ls\\lib\intellij.platform.execution.impl.backend.jar;C:\Users\xszq\.cache\opencode\bin\kotlin-ls\\lib\intellij.platform.execution.impl.jar;C:\Users\xszq\.cache\opencode\bin\kotlin-ls\\lib\intellij.platform.execution.jar;C:\Users\xszq\.cache\opencode\bin\kotlin-ls\\lib\intellij.platform.experiment.jar;C:\Users\xszq\.cache\opencode\bin\kotlin-ls\\lib\intellij.platform.extensions.jar;C:\Users\xszq\.cache\opencode\bin\kotlin-ls\\lib\intellij.platform.externalProcessAuthHelper.rt.jar;C:\Users\xszq\.cache\opencode\bin\kotlin-ls\\lib\intellij.platform.externalSystem.dependencyUpdater.jar;C:\Users\xszq\.cache\opencode\bin\kotlin-ls\\lib\intellij.platform.externalSystem.impl.jar;C:\Users\xszq\.cache\opencode\bin\kotlin-ls\\lib\intellij.platform.externalSystem.jar;C:\Users\xszq\.cache\opencode\bin\kotlin-ls\\lib\intellij.platform.externalSystem.rt.jar;C:\Users\xszq\.cache\opencode\bin\kotlin-ls\\lib\intellij.platform.feedback.jar;C:\Users\xszq\.cache\opencode\bin\kotlin-ls\\lib\intellij.platform.foldings.jar;C:\Users\xszq\.cache\opencode\bin\kotlin-ls\\lib\intellij.platform.icons.jar;C:\Users\xszq\.cache\opencode\bin\kotlin-ls\\lib\intellij.platform.ide.bootstrap.eel.jar;C:\Users\xszq\.cache\opencode\bin\kotlin-ls\\lib\intellij.platform.ide.bootstrap.jar;C:\Users\xszq\.cache\opencode\bin\kotlin-ls\\lib\intellij.platform.ide.bootstrap.kernel.jar;C:\Users\xszq\.cache\opencode\bin\kotlin-ls\\lib\intellij.platform.ide.codeinsight.inline.jar;C:\Users\xszq\.cache\opencode\bin\kotlin-ls\\lib\intellij.platform.ide.concurrency.jar;C:\Users\xszq\.cache\opencode\bin\kotlin-ls\\lib\intellij.platform.ide.core.impl.jar;C:\Users\xszq\.cache\opencode\bin\kotlin-ls\\lib\intellij.platform.ide.core.jar;C:\Users\xszq\.cache\opencode\bin\kotlin-ls\\lib\intellij.platform.ide.core.plugins.jar;C:\Users\xszq\.cache\opencode\bin\kotlin-ls\\lib\intellij.platform.ide.favoritesTreeView.jar;C:\Users\xszq\.cache\opencode\bin\kotlin-ls\\lib\intellij.platform.ide.impl.jar;C:\Users\xszq\.cache\opencode\bin\kotlin-ls\\lib\intellij.platform.ide.initialConfigImport.jar;C:\Users\xszq\.cache\opencode\bin\kotlin-ls\\lib\intellij.platform.ide.internal.jar;C:\Users\xszq\.cache\opencode\bin\kotlin-ls\\lib\intellij.platform.ide.jar;C:\Users\xszq\.cache\opencode\bin\kotlin-ls\\lib\intellij.platform.ide.observable.jar;C:\Users\xszq\.cache\opencode\bin\kotlin-ls\\lib\intellij.platform.ide.progress.jar;C:\Users\xszq\.cache\opencode\bin\kotlin-ls\\lib\intellij.platform.ide.recentProjects.jar;C:\Users\xszq\.cache\opencode\bin\kotlin-ls\\lib\intellij.platform.ide.rpc.jar;C:\Users\xszq\.cache\opencode\bin\kotlin-ls\\lib\intellij.platform.ide.ui.jar;C:\Users\xszq\.cache\opencode\bin\kotlin-ls\\lib\intellij.platform.ide.updateChecker.jar;C:\Users\xszq\.cache\opencode\bin\kotlin-ls\\lib\intellij.platform.ide.util.io.impl.jar;C:\Users\xszq\.cache\opencode\bin\kotlin-ls\\lib\intellij.platform.ide.util.io.jar;C:\Users\xszq\.cache\opencode\bin\kotlin-ls\\lib\intellij.platform.ide.util.netty.jar;C:\Users\xszq\.cache\opencode\bin\kotlin-ls\\lib\intellij.platform.ijent.community.buildConstants.jar;C:\Users\xszq\.cache\opencode\bin\kotlin-ls\\lib\intellij.platform.ijent.community.impl.jar;C:\Users\xszq\.cache\opencode\bin\kotlin-ls\\lib\intellij.platform.ijent.jar;C:\Users\xszq\.cache\opencode\bin\kotlin-ls\\lib\intellij.platform.indexing.impl.jar;C:\Users\xszq\.cache\opencode\bin\kotlin-ls\\lib\intellij.platform.indexing.jar;C:\Users\xszq\.cache\opencode\bin\kotlin-ls\\lib\intellij.platform.instanceContainer.jar;C:\Users\xszq\.cache\opencode\bin\kotlin-ls\\lib\intellij.platform.jbr.jar;C:\Users\xszq\.cache\opencode\bin\kotlin-ls\\lib\intellij.platform.jps.build.dependencyGraph.jar;C:\Users\xszq\.cache\opencode\bin\kotlin-ls\\lib\intellij.platform.jps.build.jar;C:\Users\xszq\.cache\opencode\bin\kotlin-ls\\lib\intellij.platform.jps.build.javac.rt.jar;C:\Users\xszq\.cache\opencode\bin\kotlin-ls\\lib\intellij.platform.jps.build.launcher.jar;C:\Users\xszq\.cache\opencode\bin\kotlin-ls\\lib\intellij.platform.jps.model.impl.jar;C:\Users\xszq\.cache\opencode\bin\kotlin-ls\\lib\intellij.platform.jps.model.jar;C:\Users\xszq\.cache\opencode\bin\kotlin-ls\\lib\intellij.platform.jps.model.serialization.jar;C:\Users\xszq\.cache\opencode\bin\kotlin-ls\\lib\intellij.platform.kernel.backend.jar;C:\Users\xszq\.cache\opencode\bin\kotlin-ls\\lib\intellij.platform.kernel.jar;C:\Users\xszq\.cache\opencode\bin\kotlin-ls\\lib\intellij.platform.lang.core.jar;C:\Users\xszq\.cache\opencode\bin\kotlin-ls\\lib\intellij.platform.lang.impl.jar;C:\Users\xszq\.cache\opencode\bin\kotlin-ls\\lib\intellij.platform.lang.jar;C:\Users\xszq\.cache\opencode\bin\kotlin-ls\\lib\intellij.platform.locking.impl.jar;C:\Users\xszq\.cache\opencode\bin\kotlin-ls\\lib\intellij.platform.lvcs.jar;C:\Users\xszq\.cache\opencode\bin\kotlin-ls\\lib\intellij.platform.macro.jar;C:\Users\xszq\.cache\opencode\bin\kotlin-ls\\lib\intellij.platform.markdown.utils.jar;C:\Users\xszq\.cache\opencode\bin\kotlin-ls\\lib\intellij.platform.ml.jar;C:\Users\xszq\.cache\opencode\bin\kotlin-ls\\lib\intellij.platform.objectSerializer.annotations.jar;C:\Users\xszq\.cache\opencode\bin\kotlin-ls\\lib\intellij.platform.objectSerializer.jar;C:\Users\xszq\.cache\opencode\bin\kotlin-ls\\lib\intellij.platform.pasta.jar;C:\Users\xszq\.cache\opencode\bin\kotlin-ls\\lib\intellij.platform.pluginSystem.parser.impl.jar;C:\Users\xszq\.cache\opencode\bin\kotlin-ls\\lib\intellij.platform.polySymbols.backend.jar;C:\Users\xszq\.cache\opencode\bin\kotlin-ls\\lib\intellij.platform.polySymbols.jar;C:\Users\xszq\.cache\opencode\bin\kotlin-ls\\lib\intellij.platform.pratt.jar;C:\Users\xszq\.cache\opencode\bin\kotlin-ls\\lib\intellij.platform.project.jar;C:\Users\xszq\.cache\opencode\bin\kotlin-ls\\lib\intellij.platform.projectFrame.jar;C:\Users\xszq\.cache\opencode\bin\kotlin-ls\\lib\intellij.platform.projectModel.impl.jar;C:\Users\xszq\.cache\opencode\bin\kotlin-ls\\lib\intellij.platform.projectModel.jar;C:\Users\xszq\.cache\opencode\bin\kotlin-ls\\lib\intellij.platform.rd.community.jar;C:\Users\xszq\.cache\opencode\bin\kotlin-ls\\lib\intellij.platform.refactoring.jar;C:\Users\xszq\.cache\opencode\bin\kotlin-ls\\lib\intellij.platform.remote.core.jar;C:\Users\xszq\.cache\opencode\bin\kotlin-ls\\lib\intellij.platform.rpc.backend.jar;C:\Users\xszq\.cache\opencode\bin\kotlin-ls\\lib\intellij.platform.rpc.jar;C:\Users\xszq\.cache\opencode\bin\kotlin-ls\\lib\intellij.platform.rpc.topics.jar;C:\Users\xszq\.cache\opencode\bin\kotlin-ls\\lib\intellij.platform.runtime.product.jar;C:\Users\xszq\.cache\opencode\bin\kotlin-ls\\lib\intellij.platform.runtime.repository.jar;C:\Users\xszq\.cache\opencode\bin\kotlin-ls\\lib\intellij.platform.scriptDebugger.backend.jar;C:\Users\xszq\.cache\opencode\bin\kotlin-ls\\lib\intellij.platform.scriptDebugger.protocolReaderRuntime.jar;C:\Users\xszq\.cache\opencode\bin\kotlin-ls\\lib\intellij.platform.scriptDebugger.ui.jar;C:\Users\xszq\.cache\opencode\bin\kotlin-ls\\lib\intellij.platform.serviceContainer.jar;C:\Users\xszq\.cache\opencode\bin\kotlin-ls\\lib\intellij.platform.settings.jar;C:\Users\xszq\.cache\opencode\bin\kotlin-ls\\lib\intellij.platform.smRunner.jar;C:\Users\xszq\.cache\opencode\bin\kotlin-ls\\lib\intellij.platform.sqlite.jar;C:\Users\xszq\.cache\opencode\bin\kotlin-ls\\lib\intellij.platform.statistics.config.jar;C:\Users\xszq\.cache\opencode\bin\kotlin-ls\\lib\intellij.platform.statistics.jar;C:\Users\xszq\.cache\opencode\bin\kotlin-ls\\lib\intellij.platform.statistics.uploader.jar;C:\Users\xszq\.cache\opencode\bin\kotlin-ls\\lib\intellij.platform.structureView.impl.jar;C:\Users\xszq\.cache\opencode\bin\kotlin-ls\\lib\intellij.platform.syntax.extensions.jar;C:\Users\xszq\.cache\opencode\bin\kotlin-ls\\lib\intellij.platform.syntax.i18n.jar;C:\Users\xszq\.cache\opencode\bin\kotlin-ls\\lib\intellij.platform.syntax.jar;C:\Users\xszq\.cache\opencode\bin\kotlin-ls\\lib\intellij.platform.syntax.psi.jar;C:\Users\xszq\.cache\opencode\bin\kotlin-ls\\lib\intellij.platform.syntax.util.jar;C:\Users\xszq\.cache\opencode\bin\kotlin-ls\\lib\intellij.platform.testRunner.jar;C:\Users\xszq\.cache\opencode\bin\kotlin-ls\\lib\intellij.platform.threadDumpParser.jar;C:\Users\xszq\.cache\opencode\bin\kotlin-ls\\lib\intellij.platform.todo.jar;C:\Users\xszq\.cache\opencode\bin\kotlin-ls\\lib\intellij.platform.tracing.rt.jar;C:\Users\xszq\.cache\opencode\bin\kotlin-ls\\lib\intellij.platform.uast.ide.jar;C:\Users\xszq\.cache\opencode\bin\kotlin-ls\\lib\intellij.platform.uast.jar;C:\Users\xszq\.cache\opencode\bin\kotlin-ls\\lib\intellij.platform.ui.jcef.jar;C:\Users\xszq\.cache\opencode\bin\kotlin-ls\\lib\intellij.platform.usageView.impl.jar;C:\Users\xszq\.cache\opencode\bin\kotlin-ls\\lib\intellij.platform.usageView.jar;C:\Users\xszq\.cache\opencode\bin\kotlin-ls\\lib\intellij.platform.util.base.jar;C:\Users\xszq\.cache\opencode\bin\kotlin-ls\\lib\intellij.platform.util.base.multiplatform.jar;C:\Users\xszq\.cache\opencode\bin\kotlin-ls\\lib\intellij.platform.util.classLoader.jar;C:\Users\xszq\.cache\opencode\bin\kotlin-ls\\lib\intellij.platform.util.coroutines.jar;C:\Users\xszq\.cache\opencode\bin\kotlin-ls\\lib\intellij.platform.util.diff.jar;C:\Users\xszq\.cache\opencode\bin\kotlin-ls\\lib\intellij.platform.util.ex.jar;C:\Users\xszq\.cache\opencode\bin\kotlin-ls\\lib\intellij.platform.util.http.jar;C:\Users\xszq\.cache\opencode\bin\kotlin-ls\\lib\intellij.platform.util.io.storages.jar;C:\Users\xszq\.cache\opencode\bin\kotlin-ls\\lib\intellij.platform.util.jar;C:\Users\xszq\.cache\opencode\bin\kotlin-ls\\lib\intellij.platform.util.jdom.jar;C:\Users\xszq\.cache\opencode\bin\kotlin-ls\\lib\intellij.platform.util.multiplatform.jar;C:\Users\xszq\.cache\opencode\bin\kotlin-ls\\lib\intellij.platform.util.nanoxml.jar;C:\Users\xszq\.cache\opencode\bin\kotlin-ls\\lib\intellij.platform.util.progress.jar;C:\Users\xszq\.cache\opencode\bin\kotlin-ls\\lib\intellij.platform.util.rt.jar;C:\Users\xszq\.cache\opencode\bin\kotlin-ls\\lib\intellij.platform.util.rt.java8.jar;C:\Users\xszq\.cache\opencode\bin\kotlin-ls\\lib\intellij.platform.util.text.matching.jar;C:\Users\xszq\.cache\opencode\bin\kotlin-ls\\lib\intellij.platform.util.ui.jar;C:\Users\xszq\.cache\opencode\bin\kotlin-ls\\lib\intellij.platform.util.xmlDom.jar;C:\Users\xszq\.cache\opencode\bin\kotlin-ls\\lib\intellij.platform.util.zip.jar;C:\Users\xszq\.cache\opencode\bin\kotlin-ls\\lib\intellij.platform.vcs.core.jar;C:\Users\xszq\.cache\opencode\bin\kotlin-ls\\lib\intellij.platform.vcs.dvcs.impl.jar;C:\Users\xszq\.cache\opencode\bin\kotlin-ls\\lib\intellij.platform.vcs.dvcs.impl.shared.jar;C:\Users\xszq\.cache\opencode\bin\kotlin-ls\\lib\intellij.platform.vcs.dvcs.jar;C:\Users\xszq\.cache\opencode\bin\kotlin-ls\\lib\intellij.platform.vcs.impl.jar;C:\Users\xszq\.cache\opencode\bin\kotlin-ls\\lib\intellij.platform.vcs.impl.lang.jar;C:\Users\xszq\.cache\opencode\bin\kotlin-ls\\lib\intellij.platform.vcs.impl.shared.jar;C:\Users\xszq\.cache\opencode\bin\kotlin-ls\\lib\intellij.platform.vcs.jar;C:\Users\xszq\.cache\opencode\bin\kotlin-ls\\lib\intellij.platform.vcs.log.graph.impl.jar;C:\Users\xszq\.cache\opencode\bin\kotlin-ls\\lib\intellij.platform.vcs.log.graph.jar;C:\Users\xszq\.cache\opencode\bin\kotlin-ls\\lib\intellij.platform.vcs.log.impl.jar;C:\Users\xszq\.cache\opencode\bin\kotlin-ls\\lib\intellij.platform.vcs.log.jar;C:\Users\xszq\.cache\opencode\bin\kotlin-ls\\lib\intellij.platform.vcs.shared.jar;C:\Users\xszq\.cache\opencode\bin\kotlin-ls\\lib\intellij.platform.welcomeScreen.impl.jar;C:\Users\xszq\.cache\opencode\bin\kotlin-ls\\lib\intellij.platform.welcomeScreen.jar;C:\Users\xszq\.cache\opencode\bin\kotlin-ls\\lib\intellij.platform.workspace.jps.jar;C:\Users\xszq\.cache\opencode\bin\kotlin-ls\\lib\intellij.platform.workspace.storage.jar;C:\Users\xszq\.cache\opencode\bin\kotlin-ls\\lib\intellij.platform.wsl.impl.jar;C:\Users\xszq\.cache\opencode\bin\kotlin-ls\\lib\intellij.regexp.jar;C:\Users\xszq\.cache\opencode\bin\kotlin-ls\\lib\intellij.spellchecker.jar;C:\Users\xszq\.cache\opencode\bin\kotlin-ls\\lib\intellij.xml.analysis.impl.jar;C:\Users\xszq\.cache\opencode\bin\kotlin-ls\\lib\intellij.xml.analysis.jar;C:\Users\xszq\.cache\opencode\bin\kotlin-ls\\lib\intellij.xml.dom.impl.jar;C:\Users\xszq\.cache\opencode\bin\kotlin-ls\\lib\intellij.xml.dom.jar;C:\Users\xszq\.cache\opencode\bin\kotlin-ls\\lib\intellij.xml.impl.jar;C:\Users\xszq\.cache\opencode\bin\kotlin-ls\\lib\intellij.xml.parser.jar;C:\Users\xszq\.cache\opencode\bin\kotlin-ls\\lib\intellij.xml.psi.impl.jar;C:\Users\xszq\.cache\opencode\bin\kotlin-ls\\lib\intellij.xml.psi.jar;C:\Users\xszq\.cache\opencode\bin\kotlin-ls\\lib\intellij.xml.structureView.impl.jar;C:\Users\xszq\.cache\opencode\bin\kotlin-ls\\lib\intellij.xml.structureView.jar;C:\Users\xszq\.cache\opencode\bin\kotlin-ls\\lib\intellij.xml.syntax.jar;C:\Users\xszq\.cache\opencode\bin\kotlin-ls\\lib\intellij.xml.ui.common.jar;C:\Users\xszq\.cache\opencode\bin\kotlin-ls\\lib\ion-java-1.11.11.jar;C:\Users\xszq\.cache\opencode\bin\kotlin-ls\\lib\jackson-annotations-2.19.0.jar;C:\Users\xszq\.cache\opencode\bin\kotlin-ls\\lib\jackson-core-2.19.0.jar;C:\Users\xszq\.cache\opencode\bin\kotlin-ls\\lib\jackson-databind-2.19.0.jar;C:\Users\xszq\.cache\opencode\bin\kotlin-ls\\lib\jackson-jr-objects-2.19.0.jar;C:\Users\xszq\.cache\opencode\bin\kotlin-ls\\lib\jackson-module-kotlin-2.19.0.jar;C:\Users\xszq\.cache\opencode\bin\kotlin-ls\\lib\java-compatibility-1.0.1.jar;C:\Users\xszq\.cache\opencode\bin\kotlin-ls\\lib\java-diff-utils-4.16.jar;C:\Users\xszq\.cache\opencode\bin\kotlin-ls\\lib\java-string-similarity-2.0.0.jar;C:\Users\xszq\.cache\opencode\bin\kotlin-ls\\lib\javax.annotation-api-1.3.2.jar;C:\Users\xszq\.cache\opencode\bin\kotlin-ls\\lib\jaxb-api-2.3.1.jar;C:\Users\xszq\.cache\opencode\bin\kotlin-ls\\lib\jaxen-1.2.0.jar;C:\Users\xszq\.cache\opencode\bin\kotlin-ls\\lib\jb-jdi-2.45.jar;C:\Users\xszq\.cache\opencode\bin\kotlin-ls\\lib\jbr-api-1.9.0.jar;C:\Users\xszq\.cache\opencode\bin\kotlin-ls\\lib\jcef-137.0.17-gf354b0e-chromium-137.0.7151.104-api-1.21-261-b50.jar;C:\Users\xszq\.cache\opencode\bin\kotlin-ls\\lib\jcip-annotations-1.0.jar;C:\Users\xszq\.cache\opencode\bin\kotlin-ls\\lib\jediterm-core-3.63.jar;C:\Users\xszq\.cache\opencode\bin\kotlin-ls\\lib\jediterm-ui-3.63.jar;C:\Users\xszq\.cache\opencode\bin\kotlin-ls\\lib\jna-5.17.0.jar;C:\Users\xszq\.cache\opencode\bin\kotlin-ls\\lib\jna-platform-5.17.0.jar;C:\Users\xszq\.cache\opencode\bin\kotlin-ls\\lib\jps-javac-extension-10.jar;C:\Users\xszq\.cache\opencode\bin\kotlin-ls\\lib\js-plain-objects-compiler-plugin-for-ide-2.4.0-dev-3554.jar;C:\Users\xszq\.cache\opencode\bin\kotlin-ls\\lib\jsoup-1.21.2.jar;C:\Users\xszq\.cache\opencode\bin\kotlin-ls\\lib\jspecify-1.0.0.jar;C:\Users\xszq\.cache\opencode\bin\kotlin-ls\\lib\jsvg-1.3.0-jb.8.jar;C:\Users\xszq\.cache\opencode\bin\kotlin-ls\\lib\jvm-native-trusted-roots-1.1.7.jar;C:\Users\xszq\.cache\opencode\bin\kotlin-ls\\lib\kotlin-compiler-common-for-ide-2.4.0-dev-3554.jar;C:\Users\xszq\.cache\opencode\bin\kotlin-ls\\lib\kotlin-compiler-fe10-for-ide-2.4.0-dev-3554.jar;C:\Users\xszq\.cache\opencode\bin\kotlin-ls\\lib\kotlin-compiler-fir-for-ide-2.4.0-dev-3554.jar;C:\Users\xszq\.cache\opencode\bin\kotlin-ls\\lib\kotlin-compiler-ir-for-ide-2.4.0-dev-3554.jar;C:\Users\xszq\.cache\opencode\bin\kotlin-ls\\lib\kotlin-dataframe-compiler-plugin-for-ide-2.4.0-dev-3554.jar;C:\Users\xszq\.cache\opencode\bin\kotlin-ls\\lib\kotlin-gradle-plugin-idea-1.9.20-dev-8162.jar;C:\Users\xszq\.cache\opencode\bin\kotlin-ls\\lib\kotlin-jps-common-for-ide-2.4.0-dev-3554.jar;C:\Users\xszq\.cache\opencode\bin\kotlin-ls\\lib\kotlin-metadata-jvm-2.3.10-RC.jar;C:\Users\xszq\.cache\opencode\bin\kotlin-ls\\lib\kotlin-reflect-2.3.10-RC.jar;C:\Users\xszq\.cache\opencode\bin\kotlin-ls\\lib\kotlin-script-runtime-2.4.0-dev-3554.jar;C:\Users\xszq\.cache\opencode\bin\kotlin-ls\\lib\kotlin-scripting-common-2.4.0-dev-3554.jar;C:\Users\xszq\.cache\opencode\bin\kotlin-ls\\lib\kotlin-scripting-compiler-impl-2.4.0-dev-3554.jar;C:\Users\xszq\.cache\opencode\bin\kotlin-ls\\lib\kotlin-scripting-dependencies-2.4.0-dev-3554.jar;C:\Users\xszq\.cache\opencode\bin\kotlin-ls\\lib\kotlin-scripting-jvm-2.4.0-dev-3554.jar;C:\Users\xszq\.cache\opencode\bin\kotlin-ls\\lib\kotlin-stdlib-2.3.10-RC.jar;C:\Users\xszq\.cache\opencode\bin\kotlin-ls\\lib\kotlin-tooling-core-1.9.20-dev-8162.jar;C:\Users\xszq\.cache\opencode\bin\kotlin-ls\\lib\kotlin.code-insight.inspections.shared.jar;C:\Users\xszq\.cache\opencode\bin\kotlin-ls\\lib\kotlin.code-insight.override-implement.shared.jar;C:\Users\xszq\.cache\opencode\bin\kotlin-ls\\lib\kotlin.completion.impl.shared.jar;C:\Users\xszq\.cache\opencode\bin\kotlin-ls\\lib\kotlin.fir.frontend-independent.jar;C:\Users\xszq\.cache\opencode\bin\kotlin-ls\\lib\kotlin.fir.jar;C:\Users\xszq\.cache\opencode\bin\kotlin-ls\\lib\kotlin.highlighting.shared.jar;C:\Users\xszq\.cache\opencode\bin\kotlin-ls\\lib\kotlin.j2k.shared.jar;C:\Users\xszq\.cache\opencode\bin\kotlin-ls\\lib\kotlin.jvm-debugger.evaluation.jar;C:\Users\xszq\.cache\opencode\bin\kotlin-ls\\lib\kotlin.plugin.common.jar;C:\Users\xszq\.cache\opencode\bin\kotlin-ls\\lib\kotlin.plugin.k2.jar;C:\Users\xszq\.cache\opencode\bin\kotlin-ls\\lib\kotlin.refactorings.common.jar;C:\Users\xszq\.cache\opencode\bin\kotlin-ls\\lib\kotlin.scripting.jar;C:\Users\xszq\.cache\opencode\bin\kotlin-ls\\lib\kotlinx-collections-immutable-jvm-0.4.0.jar;C:\Users\xszq\.cache\opencode\bin\kotlin-ls\\lib\kotlinx-coroutines-core-jvm-1.10.2-intellij-1.jar;C:\Users\xszq\.cache\opencode\bin\kotlin-ls\\lib\kotlinx-coroutines-debug-1.10.2-intellij-1.jar;C:\Users\xszq\.cache\opencode\bin\kotlin-ls\\lib\kotlinx-coroutines-guava-1.10.2-intellij-1.jar;C:\Users\xszq\.cache\opencode\bin\kotlin-ls\\lib\kotlinx-datetime-jvm-0.6.2.jar;C:\Users\xszq\.cache\opencode\bin\kotlin-ls\\lib\kotlinx-html-jvm-0.12.0.jar;C:\Users\xszq\.cache\opencode\bin\kotlin-ls\\lib\kotlinx-io-bytestring-jvm-0.7.0.jar;C:\Users\xszq\.cache\opencode\bin\kotlin-ls\\lib\kotlinx-io-core-jvm-0.7.0.jar;C:\Users\xszq\.cache\opencode\bin\kotlin-ls\\lib\kotlinx-serialization-compiler-plugin-for-ide-2.4.0-dev-3554.jar;C:\Users\xszq\.cache\opencode\bin\kotlin-ls\\lib\kotlinx-serialization-core-jvm-1.9.0.jar;C:\Users\xszq\.cache\opencode\bin\kotlin-ls\\lib\kotlinx-serialization-json-io-jvm-1.9.0.jar;C:\Users\xszq\.cache\opencode\bin\kotlin-ls\\lib\kotlinx-serialization-json-jvm-1.9.0.jar;C:\Users\xszq\.cache\opencode\bin\kotlin-ls\\lib\kotlinx-serialization-protobuf-jvm-1.9.0.jar;C:\Users\xszq\.cache\opencode\bin\kotlin-ls\\lib\kryo5-5.6.0.jar;C:\Users\xszq\.cache\opencode\bin\kotlin-ls\\lib\ktor-client-auth-jvm-3.3.2.jar;C:\Users\xszq\.cache\opencode\bin\kotlin-ls\\lib\ktor-client-content-negotiation-jvm-3.3.2.jar;C:\Users\xszq\.cache\opencode\bin\kotlin-ls\\lib\ktor-client-core-jvm-3.3.2.jar;C:\Users\xszq\.cache\opencode\bin\kotlin-ls\\lib\ktor-client-encoding-jvm-3.3.2.jar;C:\Users\xszq\.cache\opencode\bin\kotlin-ls\\lib\ktor-client-java-jvm-3.3.2.jar;C:\Users\xszq\.cache\opencode\bin\kotlin-ls\\lib\ktor-client-logging-jvm-3.3.2.jar;C:\Users\xszq\.cache\opencode\bin\kotlin-ls\\lib\ktor-events-jvm-3.3.2.jar;C:\Users\xszq\.cache\opencode\bin\kotlin-ls\\lib\ktor-http-cio-jvm-3.3.2.jar;C:\Users\xszq\.cache\opencode\bin\kotlin-ls\\lib\ktor-http-jvm-3.3.2.jar;C:\Users\xszq\.cache\opencode\bin\kotlin-ls\\lib\ktor-io-jvm-3.3.2.jar;C:\Users\xszq\.cache\opencode\bin\kotlin-ls\\lib\ktor-network-jvm-3.3.2.jar;C:\Users\xszq\.cache\opencode\bin\kotlin-ls\\lib\ktor-network-tls-jvm-3.3.2.jar;C:\Users\xszq\.cache\opencode\bin\kotlin-ls\\lib\ktor-serialization-jvm-3.3.2.jar;C:\Users\xszq\.cache\opencode\bin\kotlin-ls\\lib\ktor-serialization-kotlinx-json-jvm-3.3.2.jar;C:\Users\xszq\.cache\opencode\bin\kotlin-ls\\lib\ktor-serialization-kotlinx-jvm-3.3.2.jar;C:\Users\xszq\.cache\opencode\bin\kotlin-ls\\lib\ktor-sse-jvm-3.3.2.jar;C:\Users\xszq\.cache\opencode\bin\kotlin-ls\\lib\ktor-utils-jvm-3.3.2.jar;C:\Users\xszq\.cache\opencode\bin\kotlin-ls\\lib\ktor-websocket-serialization-jvm-3.3.2.jar;C:\Users\xszq\.cache\opencode\bin\kotlin-ls\\lib\ktor-websockets-jvm-3.3.2.jar;C:\Users\xszq\.cache\opencode\bin\kotlin-ls\\lib\language-server.analyzer.filewatcher.jar;C:\Users\xszq\.cache\opencode\bin\kotlin-ls\\lib\language-server.analyzer.jar;C:\Users\xszq\.cache\opencode\bin\kotlin-ls\\lib\language-server.api.core.jar;C:\Users\xszq\.cache\opencode\bin\kotlin-ls\\lib\language-server.api.features.impl.common.jar;C:\Users\xszq\.cache\opencode\bin\kotlin-ls\\lib\language-server.api.features.impl.java-base.jar;C:\Users\xszq\.cache\opencode\bin\kotlin-ls\\lib\language-server.api.features.impl.kotlin.jar;C:\Users\xszq\.cache\opencode\bin\kotlin-ls\\lib\language-server.api.features.jar;C:\Users\xszq\.cache\opencode\bin\kotlin-ls\\lib\language-server.api.impl.analyzer.jar;C:\Users\xszq\.cache\opencode\bin\kotlin-ls\\lib\language-server.dap.jvm.jar;C:\Users\xszq\.cache\opencode\bin\kotlin-ls\\lib\language-server.dap.jvm.lsp.features.jar;C:\Users\xszq\.cache\opencode\bin\kotlin-ls\\lib\language-server.dap.platform.jar;C:\Users\xszq\.cache\opencode\bin\kotlin-ls\\lib\language-server.dap.protocol.jar;C:\Users\xszq\.cache\opencode\bin\kotlin-ls\\lib\language-server.kotlin-lsp.jar;C:\Users\xszq\.cache\opencode\bin\kotlin-ls\\lib\language-server.workspace-import.gradle-plugin.jar;C:\Users\xszq\.cache\opencode\bin\kotlin-ls\\lib\language-server.workspace-import.jar;C:\Users\xszq\.cache\opencode\bin\kotlin-ls\\lib\language-server.workspace-import.maven-plugin.jar;C:\Users\xszq\.cache\opencode\bin\kotlin-ls\\lib\log4j-over-slf4j-1.7.36.jar;C:\Users\xszq\.cache\opencode\bin\kotlin-ls\\lib\lombok-compiler-plugin-for-ide-2.4.0-dev-3554.jar;C:\Users\xszq\.cache\opencode\bin\kotlin-ls\\lib\low-level-api-fir-for-ide-2.4.0-dev-3554.jar;C:\Users\xszq\.cache\opencode\bin\kotlin-ls\\lib\lucene-analysis-common-10.3.0.jar;C:\Users\xszq\.cache\opencode\bin\kotlin-ls\\lib\lucene-core-10.3.0.jar;C:\Users\xszq\.cache\opencode\bin\kotlin-ls\\lib\lz4-java-1.8.0.jar;C:\Users\xszq\.cache\opencode\bin\kotlin-ls\\lib\markdown-jvm-0.7.2.jar;C:\Users\xszq\.cache\opencode\bin\kotlin-ls\\lib\marketplace-zip-signer-0.1.43.jar;C:\Users\xszq\.cache\opencode\bin\kotlin-ls\\lib\maven-artifact-3.9.9.jar;C:\Users\xszq\.cache\opencode\bin\kotlin-ls\\lib\maven-builder-support-3.9.9.jar;C:\Users\xszq\.cache\opencode\bin\kotlin-ls\\lib\maven-model-3.9.9.jar;C:\Users\xszq\.cache\opencode\bin\kotlin-ls\\lib\maven-model-builder-3.9.9.jar;C:\Users\xszq\.cache\opencode\bin\kotlin-ls\\lib\maven-repository-metadata-3.9.9.jar;C:\Users\xszq\.cache\opencode\bin\kotlin-ls\\lib\maven-resolver-api-1.9.22.jar;C:\Users\xszq\.cache\opencode\bin\kotlin-ls\\lib\maven-resolver-connector-basic-1.9.22.jar;C:\Users\xszq\.cache\opencode\bin\kotlin-ls\\lib\maven-resolver-impl-1.9.22.jar;C:\Users\xszq\.cache\opencode\bin\kotlin-ls\\lib\maven-resolver-named-locks-1.9.22.jar;C:\Users\xszq\.cache\opencode\bin\kotlin-ls\\lib\maven-resolver-provider-3.9.9.jar;C:\Users\xszq\.cache\opencode\bin\kotlin-ls\\lib\maven-resolver-spi-1.9.22.jar;C:\Users\xszq\.cache\opencode\bin\kotlin-ls\\lib\maven-resolver-transport-file-1.9.22.jar;C:\Users\xszq\.cache\opencode\bin\kotlin-ls\\lib\maven-resolver-transport-http-1.9.22.jar;C:\Users\xszq\.cache\opencode\bin\kotlin-ls\\lib\maven-resolver-util-1.9.22.jar;C:\Users\xszq\.cache\opencode\bin\kotlin-ls\\lib\miglayout-core-11.4.2.jar;C:\Users\xszq\.cache\opencode\bin\kotlin-ls\\lib\miglayout-swing-11.4.2.jar;C:\Users\xszq\.cache\opencode\bin\kotlin-ls\\lib\mxparser-1.2.2.jar;C:\Users\xszq\.cache\opencode\bin\kotlin-ls\\lib\netty-buffer-4.2.0.RC2.jar;C:\Users\xszq\.cache\opencode\bin\kotlin-ls\\lib\netty-codec-4.2.0.RC2.jar;C:\Users\xszq\.cache\opencode\bin\kotlin-ls\\lib\netty-codec-base-4.2.0.RC2.jar;C:\Users\xszq\.cache\opencode\bin\kotlin-ls\\lib\netty-codec-compression-4.2.0.RC2.jar;C:\Users\xszq\.cache\opencode\bin\kotlin-ls\\lib\netty-codec-http-4.2.0.RC2.jar;C:\Users\xszq\.cache\opencode\bin\kotlin-ls\\lib\netty-codec-http2-4.2.0.RC2.jar;C:\Users\xszq\.cache\opencode\bin\kotlin-ls\\lib\netty-codec-protobuf-4.2.0.RC2.jar;C:\Users\xszq\.cache\opencode\bin\kotlin-ls\\lib\netty-common-4.2.0.RC2.jar;C:\Users\xszq\.cache\opencode\bin\kotlin-ls\\lib\netty-handler-4.2.0.RC2.jar;C:\Users\xszq\.cache\opencode\bin\kotlin-ls\\lib\netty-resolver-4.2.0.RC2.jar;C:\Users\xszq\.cache\opencode\bin\kotlin-ls\\lib\netty-transport-4.2.0.RC2.jar;C:\Users\xszq\.cache\opencode\bin\kotlin-ls\\lib\netty-transport-native-unix-common-4.2.0.RC2.jar;C:\Users\xszq\.cache\opencode\bin\kotlin-ls\\lib\noarg-compiler-plugin-for-ide-2.4.0-dev-3554.jar;C:\Users\xszq\.cache\opencode\bin\kotlin-ls\\lib\opentelemetry-api-1.48.0.jar;C:\Users\xszq\.cache\opencode\bin\kotlin-ls\\lib\opentelemetry-context-1.48.0.jar;C:\Users\xszq\.cache\opencode\bin\kotlin-ls\\lib\opentelemetry-exporter-common-1.48.0.jar;C:\Users\xszq\.cache\opencode\bin\kotlin-ls\\lib\opentelemetry-exporter-otlp-common-1.48.0.jar;C:\Users\xszq\.cache\opencode\bin\kotlin-ls\\lib\opentelemetry-extension-kotlin-1.48.0.jar;C:\Users\xszq\.cache\opencode\bin\kotlin-ls\\lib\opentelemetry-sdk-1.48.0.jar;C:\Users\xszq\.cache\opencode\bin\kotlin-ls\\lib\opentelemetry-sdk-common-1.48.0.jar;C:\Users\xszq\.cache\opencode\bin\kotlin-ls\\lib\opentelemetry-sdk-logs-1.48.0.jar;C:\Users\xszq\.cache\opencode\bin\kotlin-ls\\lib\opentelemetry-sdk-metrics-1.48.0.jar;C:\Users\xszq\.cache\opencode\bin\kotlin-ls\\lib\opentelemetry-sdk-trace-1.48.0.jar;C:\Users\xszq\.cache\opencode\bin\kotlin-ls\\lib\opentelemetry-semconv-1.30.0.jar;C:\Users\xszq\.cache\opencode\bin\kotlin-ls\\lib\org.eclipse.sisu.inject-0.9.0.M3.jar;C:\Users\xszq\.cache\opencode\bin\kotlin-ls\\lib\oro-2.0.8.jar;C:\Users\xszq\.cache\opencode\bin\kotlin-ls\\lib\parcelize-compiler-plugin-for-ide-2.4.0-dev-3554.jar;C:\Users\xszq\.cache\opencode\bin\kotlin-ls\\lib\plexus-interpolation-1.27.jar;C:\Users\xszq\.cache\opencode\bin\kotlin-ls\\lib\plexus-utils-3.5.1.jar;C:\Users\xszq\.cache\opencode\bin\kotlin-ls\\lib\protobuf-java-3.25.5.jar;C:\Users\xszq\.cache\opencode\bin\kotlin-ls\\lib\proxy-vole-1.1.6.jar;C:\Users\xszq\.cache\opencode\bin\kotlin-ls\\lib\pty4j-0.13.12.jar;C:\Users\xszq\.cache\opencode\bin\kotlin-ls\\lib\qdox-2.2.0.jar;C:\Users\xszq\.cache\opencode\bin\kotlin-ls\\lib\rd-core-2026.1.2.jar;C:\Users\xszq\.cache\opencode\bin\kotlin-ls\\lib\rd-framework-2026.1.2.jar;C:\Users\xszq\.cache\opencode\bin\kotlin-ls\\lib\rd-swing-2026.1.2.jar;C:\Users\xszq\.cache\opencode\bin\kotlin-ls\\lib\rd-text-2026.1.2.jar;C:\Users\xszq\.cache\opencode\bin\kotlin-ls\\lib\rwmutex-idea-0.0.10.jar;C:\Users\xszq\.cache\opencode\bin\kotlin-ls\\lib\sa-jdwp-1.25.jar;C:\Users\xszq\.cache\opencode\bin\kotlin-ls\\lib\sam-with-receiver-compiler-plugin-for-ide-2.4.0-dev-3554.jar;C:\Users\xszq\.cache\opencode\bin\kotlin-ls\\lib\scripting-compiler-plugin-for-ide-2.4.0-dev-3554.jar;C:\Users\xszq\.cache\opencode\bin\kotlin-ls\\lib\serviceMessages-2024.07.jar;C:\Users\xszq\.cache\opencode\bin\kotlin-ls\\lib\sizeof-0.4.0.jar;C:\Users\xszq\.cache\opencode\bin\kotlin-ls\\lib\slf4j-api-2.0.13.jar;C:\Users\xszq\.cache\opencode\bin\kotlin-ls\\lib\slf4j-jdk14-2.0.13.jar;C:\Users\xszq\.cache\opencode\bin\kotlin-ls\\lib\snakeyaml-2.4.jar;C:\Users\xszq\.cache\opencode\bin\kotlin-ls\\lib\snakeyaml-engine-2.9.jar;C:\Users\xszq\.cache\opencode\bin\kotlin-ls\\lib\stax2-api-4.2.2.jar;C:\Users\xszq\.cache\opencode\bin\kotlin-ls\\lib\streamex-0.8.4.jar;C:\Users\xszq\.cache\opencode\bin\kotlin-ls\\lib\swingx-core-1.6.2-2.jar;C:\Users\xszq\.cache\opencode\bin\kotlin-ls\\lib\symbol-light-classes-for-ide-2.4.0-dev-3554.jar;C:\Users\xszq\.cache\opencode\bin\kotlin-ls\\lib\velocity-engine-core-2.3.jar;C:\Users\xszq\.cache\opencode\bin\kotlin-ls\\lib\winp-1.30.1.jar;C:\Users\xszq\.cache\opencode\bin\kotlin-ls\\lib\xercesImpl-2.12.2.jar;C:\Users\xszq\.cache\opencode\bin\kotlin-ls\\lib\xml-resolver-1.2.jar;C:\Users\xszq\.cache\opencode\bin\kotlin-ls\\lib\xmlpull-1.1.3.1.jar;C:\Users\xszq\.cache\opencode\bin\kotlin-ls\\lib\xstream-1.4.21.jar;C:\Users\xszq\.cache\opencode\bin\kotlin-ls\\lib\xz-1.10.jar;C:\Users\xszq\.cache\opencode\bin\kotlin-ls\\lib\zstd-jni-1.5.7-4.jar
Launcher Type: SUN_STANDARD

[Global flags]
     intx CICompilerCount                          = 15                                        {product} {ergonomic}
     uint ConcGCThreads                            = 6                                         {product} {ergonomic}
     uint G1ConcRefinementThreads                  = 23                                        {product} {ergonomic}
   size_t G1HeapRegionSize                         = 4194304                                   {product} {ergonomic}
    uintx GCDrainStackTargetSize                   = 64                                        {product} {ergonomic}
   size_t InitialHeapSize                          = 528482304                                 {product} {ergonomic}
   size_t MarkStackSize                            = 4194304                                   {product} {ergonomic}
   size_t MaxHeapSize                              = 8405385216                                {product} {ergonomic}
   size_t MaxNewSize                               = 5041553408                                {product} {ergonomic}
   size_t MinHeapDeltaBytes                        = 4194304                                   {product} {ergonomic}
   size_t MinHeapSize                              = 8388608                                   {product} {ergonomic}
    uintx NonNMethodCodeHeapSize                   = 8192380                                {pd product} {ergonomic}
    uintx NonProfiledCodeHeapSize                  = 121732930                              {pd product} {ergonomic}
    uintx ProfiledCodeHeapSize                     = 121732930                              {pd product} {ergonomic}
    uintx ReservedCodeCacheSize                    = 251658240                              {pd product} {ergonomic}
     bool SegmentedCodeCache                       = true                                      {product} {ergonomic}
   size_t SoftMaxHeapSize                          = 8405385216                             {manageable} {ergonomic}
     bool UseCompressedOops                        = true                           {product lp64_product} {ergonomic}
     bool UseG1GC                                  = true                                      {product} {ergonomic}
     bool UseLargePagesIndividualAllocation        = false                                  {pd product} {ergonomic}

Logging:
Log output configuration:
 #0: stdout all=warning,cds=off uptime,level,tags foldmultilines=false
 #1: stderr all=off uptime,level,tags foldmultilines=false

Environment Variables:
PATH=C:\Program Files\OpenSSH\;C:\Program Files\Common Files\Oracle\Java\javapath;C:\Program Files (x86)\VMware\VMware Workstation\bin\;C:\Program Files (x86)\Common Files\Oracle\Java\java8path;C:\Program Files (x86)\Common Files\Oracle\Java\javapath;C:\Windows\system32;C:\Windows;C:\Windows\System32\Wbem;C:\Windows\System32\WindowsPowerShell\v1.0\;C:\Windows\System32\OpenSSH\;C:\Program Files\dotnet\;C:\Program Files\NVIDIA Corporation\NVIDIA App\NvDLISR;C:\Program Files (x86)\NVIDIA Corporation\PhysX\Common;D:\anaconda3;D:\anaconda3\Scripts;C:\Program Files\Git\cmd;E:\bin;C:\Users\xszq\AppData\Roaming\Python\Python313\Scripts;C:\Program Files\nodejs\;C:\Program Files\Microsoft SQL Server\150\Tools\Binn\;E:\Qt\6.5.0\bin;C:\Program Files\Go\bin;C:\Program Files (x86)\Gpg4win\..\GnuPG\bin;C:\Program Files (x86)\onefetch;C:\Program Files (x86)\Windows Kits\10\Windows Performance Toolkit\;C:\Program Files\PowerToys\DSCModules\;C:\Program Files\GitHub CLI\;E:\SDK\flutter\bin;C:\Users\xszq\.cargo\bin;C:\Users\xszq\.local\bin;C:\Users\xszq\AppData\Local\pnpm;C:\Users\xszq\AppData\Local\Microsoft\WindowsApps;C:\Program Files\JetBrains\IntelliJ IDEA 2025.1.3\bin;;C:\Users\xszq\AppData\Local\JetBrains\Toolbox\scripts;C:\Users\xszq\.dotnet\tools;C:\Users\xszq\AppData\Roaming\npm;C:\Windows\System32\Wbem;C:\Users\xszq\go\bin;C:\Program Files (x86)\Nmap;C:\Users\xszq\AppData\Local\Programs\Ollama;E:\Workspace\KarenBot-9.0;C:\Users\xszq\.lmstudio\bin
USERNAME=xszq
OS=Windows_NT
PROCESSOR_IDENTIFIER=AMD64 Family 25 Model 97 Stepping 2, AuthenticAMD
TMP=C:\Users\xszq\AppData\Local\Temp
TEMP=C:\Users\xszq\AppData\Local\Temp




Periodic native trim disabled

JNI global refs:
JNI global refs: 35, weak refs: 45

JNI global refs memory usage: 835, weak refs: 833

Process memory usage:
Resident Set Size: 2692904K (8% of 32817692K total physical memory with 1924000K free physical memory)

OOME stack traces (most recent first):
Classloader memory used:
Loader com.intellij.util.lang.PathClassLoader                                          : 77081K
Loader org.gradle.internal.classloader.VisitableURLClassLoader                         : 7627K
Loader bootstrap                                                                       : 6009K
Loader jdk.internal.loader.ClassLoaders$PlatformClassLoader                            : 475K
Loader jdk.internal.loader.ClassLoaders$AppClassLoader                                 : 469K
Loader jdk.internal.jrtfs.JrtFileSystemProvider$JrtFsLoader                            : 324K
Loader org.gradle.initialization.MixInLegacyTypesClassLoader                           : 309K
Loader jdk.internal.reflect.DelegatingClassLoader                                      : 260K
Loader org.gradle.internal.daemon.client.serialization.ClientSidePayloadClassLoaderFactory$MixInClassLoader: 211K

Classes loaded by more than one classloader:
Class com.google.common.collect.ImmutableList                                         : loaded 3 times (x 206B)
Class com.google.common.collect.ImmutableCollection                                   : loaded 3 times (x 125B)
Class com.google.common.collect.ImmutableAsList                                       : loaded 3 times (x 209B)
Class com.google.common.collect.RegularImmutableAsList                                : loaded 3 times (x 216B)
Class com.google.common.collect.UnmodifiableIterator                                  : loaded 3 times (x 80B)
Class org.gradle.internal.service.DefaultServiceRegistry$FactoryMethodService         : loaded 2 times (x 97B)
Class org.gradle.internal.event.ListenerNotificationException                         : loaded 2 times (x 96B)
Class jdk.internal.jimage.BasicImageReader                                            : loaded 2 times (x 95B)
Class it.unimi.dsi.fastutil.Stack                                                     : loaded 2 times (x 70B)
Class org.gradle.internal.classloader.ClassLoaderHierarchy                            : loaded 2 times (x 70B)
Class org.gradle.internal.service.DefaultServiceRegistry$FactoryService               : loaded 2 times (x 97B)
Class com.google.common.collect.ImmutableList$1                                       : loaded 2 times (x 97B)
Class org.gradle.internal.lazy.Lazy                                                   : loaded 2 times (x 70B)
Class org.gradle.tooling.internal.adapter.ProtocolToModelAdapter$InvocationHandlerImpl: loaded 2 times (x 77B)
Class com.google.common.collect.RegularImmutableMap                                   : loaded 2 times (x 121B)
Class com.google.common.collect.ImmutableMap$MapViewOfValuesAsSingletonSets           : loaded 2 times (x 125B)
Class org.gradle.internal.service.PrivateService                                      : loaded 2 times (x 70B)
Class org.gradle.tooling.internal.adapter.TargetTypeProvider                          : loaded 2 times (x 70B)
Class org.gradle.internal.logging.events.ProgressStartEvent                           : loaded 2 times (x 97B)
Class com.google.common.collect.UnmodifiableListIterator                              : loaded 2 times (x 95B)
Class it.unimi.dsi.fastutil.objects.ReferenceSet                                      : loaded 2 times (x 70B)
Class org.gradle.initialization.DefaultBuildCancellationToken                         : loaded 2 times (x 82B)
Class org.gradle.internal.event.DefaultListenerManager                                : loaded 2 times (x 99B)
Class org.gradle.tooling.internal.adapter.MethodInvocation                            : loaded 2 times (x 85B)
Class org.slf4j.helpers.Util                                                          : loaded 2 times (x 71B)
Class org.gradle.tooling.events.OperationType                                         : loaded 2 times (x 79B)
Class org.gradle.util.internal.CollectionUtils                                        : loaded 2 times (x 71B)
Class org.gradle.internal.service.CloseableServiceRegistry                            : loaded 2 times (x 70B)
Class org.gradle.internal.classloader.ClassLoaderVisitor                              : loaded 2 times (x 76B)
Class org.gradle.internal.service.scopes.Scope$BuildTree                              : loaded 2 times (x 70B)
Class org.gradle.internal.service.scopes.Scope$BuildSession                           : loaded 2 times (x 70B)
Class [Lcom.google.common.collect.ImmutableMapEntry;                                  : loaded 2 times (x 69B)
Class org.gradle.internal.operations.DefaultBuildOperationIdFactory                   : loaded 2 times (x 76B)
Class org.gradle.internal.concurrent.ManagedExecutor                                  : loaded 2 times (x 70B)
Class org.gradle.tooling.internal.gradle.DefaultProjectIdentifier                     : loaded 2 times (x 86B)
Class org.gradle.tooling.internal.adapter.ProtocolToModelAdapter$ClassMixInMethodInvoker: loaded 2 times (x 76B)
Class org.gradle.internal.concurrent.ManagedScheduledExecutor                         : loaded 2 times (x 70B)
Class org.gradle.internal.service.scopes.Scope$Build                                  : loaded 2 times (x 70B)
Class com.google.common.collect.ImmutableEnumMap                                      : loaded 2 times (x 125B)
Class org.gradle.internal.operations.logging.ProgressStartBuildOperationProgressDetails: loaded 2 times (x 70B)
Class com.jetbrains.ls.imports.gradle.model.ModuleSourceSet                           : loaded 2 times (x 70B)
Class org.gradle.internal.service.ScopedServiceRegistry                               : loaded 2 times (x 111B)
Class org.gradle.internal.service.ServiceRegistry                                     : loaded 2 times (x 70B)
Class org.gradle.internal.logging.progress.DefaultProgressLoggerFactory               : loaded 2 times (x 82B)
Class org.gradle.internal.classloader.FilteringClassLoader$RetrieveSystemPackagesClassLoader: loaded 2 times (x 101B)
Class org.gradle.internal.service.ReflectionBasedServiceMethod                        : loaded 2 times (x 86B)
Class org.gradle.internal.service.UnknownServiceException                             : loaded 2 times (x 83B)
Class org.gradle.api.JavaVersion                                                      : loaded 2 times (x 79B)
Class it.unimi.dsi.fastutil.objects.ObjectSpliterator                                 : loaded 2 times (x 70B)
Class org.gradle.internal.service.DefaultServiceRegistry$ClassInspector$ClassDetails  : loaded 2 times (x 73B)
Class org.gradle.internal.service.ServiceRegistration                                 : loaded 2 times (x 70B)
Class com.google.common.collect.MapDifference                                         : loaded 2 times (x 70B)
Class org.gradle.internal.dispatch.Dispatch                                           : loaded 2 times (x 70B)
Class org.gradle.internal.classpath.TransformedClassPath                              : loaded 2 times (x 96B)
Class org.gradle.internal.classloader.InstrumentingClassLoader                        : loaded 2 times (x 70B)
Class it.unimi.dsi.fastutil.objects.ReferenceCollection                               : loaded 2 times (x 70B)
Class com.google.common.collect.ImmutableCollection$Builder                           : loaded 2 times (x 76B)
Class org.gradle.internal.reflect.DirectInstantiator$CachedConstructor                : loaded 2 times (x 73B)
Class org.gradle.api.logging.LogLevel                                                 : loaded 2 times (x 79B)
Class org.gradle.initialization.layout.BuildLayoutConfiguration                       : loaded 2 times (x 77B)
Class org.gradle.internal.service.ServiceAccessToken                                  : loaded 2 times (x 70B)
Class org.gradle.internal.reflect.JavaMethod                                          : loaded 2 times (x 77B)
Class org.gradle.internal.concurrent.AbstractManagedExecutor$1                        : loaded 2 times (x 76B)
Class org.gradle.internal.concurrent.ExecutorPolicy$CatchAndRecordFailures            : loaded 2 times (x 81B)
Class [Lorg.gradle.scripts.ScriptingLanguage;                                         : loaded 2 times (x 69B)
Class org.gradle.internal.classloader.ClassLoaderUtils$ClassDefiner                   : loaded 2 times (x 70B)
Class org.gradle.internal.service.ServiceLocator                                      : loaded 2 times (x 70B)
Class org.gradle.internal.service.ServiceLookup                                       : loaded 2 times (x 70B)
Class jdk.internal.jrtfs.JrtFileSystemProvider                                        : loaded 2 times (x 101B)
Class org.gradle.tooling.internal.adapter.ProtocolToModelAdapter$SupportedPropertyInvoker: loaded 2 times (x 76B)
Class org.gradle.tooling.model.UnsupportedMethodException                             : loaded 2 times (x 82B)
Class org.gradle.internal.reflect.JavaReflectionUtil                                  : loaded 2 times (x 71B)
Class org.gradle.internal.service.RelevantMethods                                     : loaded 2 times (x 72B)
Class org.gradle.internal.classloader.FilteringClassLoader                            : loaded 2 times (x 105B)
Class org.gradle.internal.service.ServiceMethodFactory                                : loaded 2 times (x 70B)
Class [Lorg.gradle.internal.service.ServiceLookup;                                    : loaded 2 times (x 69B)
Class org.gradle.tooling.internal.adapter.CollectionMapper                            : loaded 2 times (x 73B)
Class jdk.internal.jimage.ImageLocation                                               : loaded 2 times (x 90B)
Class org.gradle.internal.concurrent.ManagedExecutorImpl                              : loaded 2 times (x 141B)
Class org.gradle.internal.reflect.Instantiator                                        : loaded 2 times (x 70B)
Class org.gradle.internal.event.BroadcastDispatch                                     : loaded 2 times (x 90B)
Class org.gradle.scripts.ScriptingLanguage                                            : loaded 2 times (x 70B)
Class org.gradle.internal.lazy.Lazy$Factory                                           : loaded 2 times (x 70B)
Class org.gradle.internal.operations.BuildOperationIdFactory                          : loaded 2 times (x 70B)
Class org.gradle.tooling.internal.adapter.ProtocolToModelAdapter                      : loaded 2 times (x 80B)
Class jdk.internal.jimage.ImageBufferCache$1                                          : loaded 2 times (x 83B)
Class org.gradle.internal.operations.BuildOperationCategory                           : loaded 2 times (x 79B)
Class org.gradle.internal.concurrent.AbstractManagedExecutor                          : loaded 2 times (x 141B)
Class org.gradle.internal.classloader.ClasspathUtil$1                                 : loaded 2 times (x 76B)
Class org.gradle.internal.time.DefaultTimer                                           : loaded 2 times (x 80B)
Class org.gradle.internal.classloader.ClassLoaderUtils$LookupClassDefiner             : loaded 2 times (x 79B)
Class com.google.common.collect.IndexedImmutableSet                                   : loaded 2 times (x 150B)
Class com.google.common.collect.ImmutableMap$1                                        : loaded 2 times (x 81B)
Class org.gradle.internal.service.ServiceRegistrationProvider                         : loaded 2 times (x 70B)
Class org.gradle.tooling.internal.adapter.ProtocolToModelAdapter$ViewKey              : loaded 2 times (x 72B)
Class com.google.common.collect.BiMap                                                 : loaded 2 times (x 70B)
Class [Lorg.gradle.internal.service.DefaultServiceRegistry$State;                     : loaded 2 times (x 69B)
Class org.gradle.tooling.internal.adapter.ProtocolToModelAdapter$PropertyCachingMethodInvoker: loaded 2 times (x 76B)
Class com.google.common.collect.ObjectArrays                                          : loaded 2 times (x 71B)
Class com.google.common.collect.AbstractIndexedListIterator                           : loaded 2 times (x 96B)
Class it.unimi.dsi.fastutil.objects.ReferenceOpenHashSet                              : loaded 2 times (x 184B)
Class com.google.common.math.MathPreconditions                                        : loaded 2 times (x 71B)
Class org.gradle.internal.service.DefaultServiceMethodFactory                         : loaded 2 times (x 76B)
Class org.gradle.internal.time.DefaultCountdownTimer                                  : loaded 2 times (x 88B)
Class [Lorg.gradle.api.logging.LogLevel;                                              : loaded 2 times (x 69B)
Class org.gradle.tooling.internal.gradle.DefaultBuildIdentifier                       : loaded 2 times (x 79B)
Class com.google.common.collect.ImmutableMapEntrySet                                  : loaded 2 times (x 151B)
Class it.unimi.dsi.fastutil.objects.ObjectBidirectionalIterator                       : loaded 2 times (x 70B)
Class kotlin.Function                                                                 : loaded 2 times (x 70B)
Class org.gradle.internal.classloader.ClassLoaderUtils                                : loaded 2 times (x 71B)
Class kotlin.collections.SetsKt__SetsJVMKt                                            : loaded 2 times (x 71B)
Class org.gradle.tooling.internal.adapter.ProtocolToModelAdapter$AdaptingMethodInvoker: loaded 2 times (x 76B)
Class [Lorg.gradle.internal.operations.BuildOperationMetadata;                        : loaded 2 times (x 69B)
Class org.gradle.internal.service.scopes.Scope$CrossBuildSession                      : loaded 2 times (x 70B)
Class org.gradle.internal.FileUtils$1                                                 : loaded 2 times (x 91B)
Class org.slf4j.ILoggerFactory                                                        : loaded 2 times (x 70B)
Class jdk.internal.jimage.ImageHeader                                                 : loaded 2 times (x 71B)
Class org.gradle.internal.reflect.ReflectionCache$WeaklyClassReferencingCache         : loaded 2 times (x 127B)
Class org.gradle.internal.service.scopes.Scope$Project                                : loaded 2 times (x 70B)
Class org.gradle.internal.service.DefaultServiceRegistry$ThisAsService                : loaded 2 times (x 92B)
Class com.google.common.collect.ImmutableMap$Builder                                  : loaded 2 times (x 82B)
Class org.gradle.internal.reflect.CachedInvokable                                     : loaded 2 times (x 73B)
Class org.gradle.internal.concurrent.CompositeStoppable                               : loaded 2 times (x 80B)
Class org.gradle.tooling.internal.gradle.GradleProjectIdentity                        : loaded 2 times (x 70B)
Class org.gradle.internal.service.ServiceMethod                                       : loaded 2 times (x 70B)
Class org.gradle.internal.classpath.DefaultClassPath$ImmutableUniqueList              : loaded 2 times (x 199B)
Class org.gradle.internal.service.DefaultServiceRegistry$ManagedObjectServiceProvider : loaded 2 times (x 93B)
Class org.gradle.internal.dispatch.ProxyDispatchAdapter                               : loaded 2 times (x 74B)
Class com.google.common.collect.SingletonImmutableList                                : loaded 2 times (x 207B)
Class kotlin.collections.SetsKt                                                       : loaded 2 times (x 71B)
Class org.gradle.internal.reflect.DirectInstantiator$ConstructorCache                 : loaded 2 times (x 76B)
Class org.gradle.internal.service.scopes.EventScope                                   : loaded 2 times (x 70B)
Class org.gradle.internal.classpath.ClassPath                                         : loaded 2 times (x 70B)
Class com.google.common.collect.ImmutableList$ReverseImmutableList                    : loaded 2 times (x 208B)
Class org.gradle.internal.dispatch.MethodInvocation                                   : loaded 2 times (x 75B)
Class org.gradle.internal.concurrent.CompositeStoppable$1                             : loaded 2 times (x 75B)
Class org.gradle.internal.dispatch.ReflectionDispatch                                 : loaded 2 times (x 77B)
Class org.slf4j.Logger                                                                : loaded 2 times (x 70B)
Class org.gradle.initialization.BuildCancellationToken                                : loaded 2 times (x 70B)
Class it.unimi.dsi.fastutil.objects.ObjectIterable                                    : loaded 2 times (x 70B)
Class org.gradle.internal.event.DefaultListenerManager$ListenerDetails                : loaded 2 times (x 81B)
Class org.gradle.internal.Factory                                                     : loaded 2 times (x 70B)
Class jdk.internal.jimage.ImageStringsReader                                          : loaded 2 times (x 80B)
Class org.gradle.tooling.model.Model                                                  : loaded 2 times (x 70B)
Class org.gradle.internal.time.TimeFormatting                                         : loaded 2 times (x 71B)
Class org.gradle.internal.logging.progress.ProgressLogger                             : loaded 2 times (x 70B)
Class org.slf4j.Marker                                                                : loaded 2 times (x 70B)
Class kotlin.Metadata                                                                 : loaded 2 times (x 70B)
Class kotlin.UninitializedPropertyAccessException                                     : loaded 2 times (x 82B)
Class com.google.common.collect.SingletonImmutableSet                                 : loaded 2 times (x 146B)
Class org.gradle.internal.reflect.DirectInstantiator                                  : loaded 2 times (x 76B)
Class org.gradle.internal.service.scopes.Scope$UserHome                               : loaded 2 times (x 70B)
Class com.google.common.collect.ImmutableMap$IteratorBasedImmutableMap                : loaded 2 times (x 125B)
Class org.gradle.internal.event.BroadcastDispatch$CompositeDispatch                   : loaded 2 times (x 92B)
Class jdk.internal.jimage.ImageReader                                                 : loaded 2 times (x 75B)
Class org.gradle.internal.concurrent.ManagedThreadPoolExecutor                        : loaded 2 times (x 70B)
Class org.gradle.tooling.internal.adapter.ProtocolToModelAdapter$MethodInvocationCache: loaded 2 times (x 73B)
Class jdk.internal.jimage.ImageReader$SharedImageReader                               : loaded 2 times (x 95B)
Class org.gradle.internal.Pair                                                        : loaded 2 times (x 72B)
Class com.google.common.collect.ImmutableBiMap                                        : loaded 2 times (x 143B)
Class it.unimi.dsi.fastutil.objects.ObjectIterator                                    : loaded 2 times (x 70B)
Class org.gradle.internal.service.ServiceRegistryBuilder                              : loaded 2 times (x 79B)
Class org.gradle.internal.installation.GradleInstallation$1                           : loaded 2 times (x 75B)
Class org.gradle.internal.scripts.ScriptFileUtil                                      : loaded 2 times (x 71B)
Class org.gradle.internal.event.DefaultListenerManager$EventBroadcast                 : loaded 2 times (x 82B)
Class com.google.common.collect.ImmutableSet$JdkBackedSetBuilderImpl                  : loaded 2 times (x 76B)
Class org.gradle.internal.logging.progress.ProgressListener                           : loaded 2 times (x 70B)
Class org.gradle.internal.service.AbstractServiceMethod                               : loaded 2 times (x 86B)
Class org.gradle.tooling.internal.adapter.ObjectGraphAdapter                          : loaded 2 times (x 70B)
Class org.gradle.internal.event.BroadcastDispatch$SingletonDispatch                   : loaded 2 times (x 92B)
Class org.slf4j.event.LoggingEvent                                                    : loaded 2 times (x 70B)
Class jdk.internal.jimage.ImageReader$Node                                            : loaded 2 times (x 84B)
Class org.gradle.internal.classloader.FilteringClassLoader$TrieSet                    : loaded 2 times (x 82B)
Class org.gradle.initialization.layout.BuildLayoutFactory                             : loaded 2 times (x 76B)
Class jdk.internal.jimage.BasicImageReader$1                                          : loaded 2 times (x 77B)
Class org.gradle.internal.operations.BuildOperationMetadata                           : loaded 2 times (x 70B)
Class com.google.common.collect.ImmutableSet$CachingAsList                            : loaded 2 times (x 147B)
Class org.gradle.internal.service.AnnotatedServiceLifecycleHandler                    : loaded 2 times (x 70B)
Class com.google.common.base.Converter                                                : loaded 2 times (x 90B)
Class jdk.internal.jimage.ImageBufferCache$2                                          : loaded 2 times (x 91B)
Class org.gradle.internal.logging.progress.DefaultProgressLoggerFactory$State         : loaded 2 times (x 79B)
Class org.gradle.internal.event.DefaultListenerManager$EventBroadcast$ListenerDispatch: loaded 2 times (x 80B)
Class org.gradle.internal.dispatch.ProxyDispatchAdapter$DispatchingInvocationHandler  : loaded 2 times (x 76B)
Class [Lorg.gradle.internal.service.DefaultServiceRegistry$SingletonService$BindState;: loaded 2 times (x 69B)
Class jdk.internal.jimage.decompressor.Decompressor                                   : loaded 2 times (x 72B)
Class org.gradle.tooling.internal.adapter.ProtocolToModelAdapter$MixInTypeMappingAction: loaded 2 times (x 81B)
Class org.gradle.internal.concurrent.DefaultExecutorFactory                           : loaded 2 times (x 88B)
Class org.gradle.internal.reflect.NoSuchMethodException                               : loaded 2 times (x 82B)
Class org.gradle.internal.service.ServiceLookupException                              : loaded 2 times (x 82B)
Class org.gradle.internal.time.MonotonicClock                                         : loaded 2 times (x 77B)
Class org.slf4j.helpers.NOPLoggerFactory                                              : loaded 2 times (x 75B)
Class org.gradle.internal.service.DefaultServiceRegistry                              : loaded 2 times (x 111B)
Class org.gradle.internal.service.ServiceProvider$Visitor                             : loaded 2 times (x 70B)
Class com.google.common.math.IntMath                                                  : loaded 2 times (x 71B)
Class [Lorg.gradle.api.JavaVersion;                                                   : loaded 2 times (x 69B)
Class org.gradle.tooling.model.idea.IdeaDependencyScope                               : loaded 2 times (x 70B)
Class com.google.common.collect.ImmutableMapEntry                                     : loaded 2 times (x 85B)
Class org.gradle.internal.scripts.ScriptFileResolvedListener                          : loaded 2 times (x 70B)
Class org.gradle.internal.service.scopes.Scope$Global                                 : loaded 2 times (x 70B)
Class org.gradle.internal.time.TimeSource                                             : loaded 2 times (x 70B)
Class org.gradle.tooling.internal.gradle.GradleBuildIdentity                          : loaded 2 times (x 70B)
Class com.google.common.collect.ImmutableMapEntry$NonTerminalImmutableMapEntry        : loaded 2 times (x 85B)
Class com.google.common.base.Function                                                 : loaded 2 times (x 70B)
Class org.slf4j.helpers.SubstituteLoggerFactory                                       : loaded 2 times (x 81B)
Class com.google.common.collect.RegularImmutableList                                  : loaded 2 times (x 212B)
Class org.gradle.tooling.internal.adapter.ProtocolToModelAdapter$MixInMappingAction   : loaded 2 times (x 80B)
Class [Lorg.gradle.internal.service.ServiceRegistry;                                  : loaded 2 times (x 69B)
Class org.gradle.internal.exceptions.ResolutionProvider                               : loaded 2 times (x 70B)
Class org.gradle.internal.logging.events.OutputEvent                                  : loaded 2 times (x 72B)
Class jdk.internal.jimage.ImageBufferCache                                            : loaded 2 times (x 71B)
Class jdk.internal.jrtfs.JrtPath                                                      : loaded 2 times (x 118B)
Class org.gradle.tooling.model.ProjectIdentifier                                      : loaded 2 times (x 70B)
Class org.gradle.tooling.model.idea.IdeaCompilerOutput                                : loaded 2 times (x 70B)
Class org.gradle.internal.classloader.ClasspathUtil                                   : loaded 2 times (x 71B)
Class it.unimi.dsi.fastutil.Hash                                                      : loaded 2 times (x 70B)
Class org.gradle.initialization.layout.BuildLayout                                    : loaded 2 times (x 76B)
Class org.gradle.internal.event.ListenerManager                                       : loaded 2 times (x 70B)
Class [Lorg.gradle.tooling.internal.adapter.MethodInvoker;                            : loaded 2 times (x 69B)
Class org.gradle.internal.logging.events.ProgressCompleteEvent                        : loaded 2 times (x 77B)
Class org.gradle.internal.reflect.ReflectionCache                                     : loaded 2 times (x 75B)
Class org.gradle.api.specs.Spec                                                       : loaded 2 times (x 70B)
Class org.gradle.internal.service.ServiceValidationException                          : loaded 2 times (x 82B)
Class com.google.common.collect.Maps                                                  : loaded 2 times (x 71B)
Class org.gradle.internal.time.TimeSource$1                                           : loaded 2 times (x 77B)
Class org.gradle.internal.concurrent.AbstractDelegatingExecutorService                : loaded 2 times (x 110B)
Class org.gradle.internal.logging.progress.ProgressLoggerFactory                      : loaded 2 times (x 70B)
Class org.gradle.internal.service.AnnotatedServiceLifecycleHandler$Registration       : loaded 2 times (x 70B)
Class org.gradle.internal.logging.events.CategorisedOutputEvent                       : loaded 2 times (x 76B)
Class it.unimi.dsi.fastutil.HashCommon                                                : loaded 2 times (x 71B)
Class org.gradle.internal.service.DefaultServiceLocator$ServiceFactory                : loaded 2 times (x 78B)
Class org.gradle.internal.concurrent.ExecutorFactory                                  : loaded 2 times (x 70B)
Class org.gradle.initialization.SettingsLocation                                      : loaded 2 times (x 74B)
Class org.gradle.initialization.BuildLayoutParameters                                 : loaded 2 times (x 85B)
Class org.gradle.internal.time.Clock                                                  : loaded 2 times (x 70B)
Class org.slf4j.LoggerFactory                                                         : loaded 2 times (x 71B)
Class jdk.internal.jimage.ImageReader$Directory                                       : loaded 2 times (x 84B)
Class org.gradle.internal.scripts.ScriptingLanguages                                  : loaded 2 times (x 71B)
Class org.gradle.tooling.internal.adapter.TypeInspector                               : loaded 2 times (x 73B)
Class org.gradle.tooling.internal.adapter.ProtocolToModelAdapter$NoOpDecoration       : loaded 2 times (x 79B)
Class com.google.common.collect.Maps$8                                                : loaded 2 times (x 82B)
Class org.gradle.tooling.internal.consumer.parameters.FailsafeBuildProgressListenerAdapter: loaded 2 times (x 79B)
Class org.gradle.internal.concurrent.DefaultExecutorFactory$TrackedManagedExecutor    : loaded 2 times (x 141B)
Class org.gradle.internal.classloader.FilteringClassLoader$Spec                       : loaded 2 times (x 86B)
Class org.gradle.tooling.model.idea.IdeaSingleEntryLibraryDependency                  : loaded 2 times (x 70B)
Class org.gradle.internal.classloader.VisitableURLClassLoader$InstrumentingVisitableURLClassLoader: loaded 2 times (x 123B)
Class org.gradle.internal.service.DefaultServiceRegistry$SingletonService$BindState   : loaded 2 times (x 79B)
Class org.gradle.internal.service.scopes.ParallelListener                             : loaded 2 times (x 70B)
Class org.gradle.internal.classloader.VisitableURLClassLoader$Spec                    : loaded 2 times (x 74B)
Class kotlin.collections.SetsKt___SetsKt                                              : loaded 2 times (x 71B)
Class com.google.common.math.IntMath$1                                                : loaded 2 times (x 71B)
Class org.gradle.internal.classpath.DefaultClassPath                                  : loaded 2 times (x 90B)
Class org.gradle.internal.service.RelevantMethods$RelevantMethodsBuilder              : loaded 2 times (x 74B)
Class org.gradle.util.internal.DefaultGradleVersion                                   : loaded 2 times (x 84B)
Class org.gradle.internal.event.BroadcastDispatch$EmptyDispatch                       : loaded 2 times (x 92B)
Class org.gradle.tooling.model.GradleModuleVersion                                    : loaded 2 times (x 70B)
Class com.google.common.collect.RegularImmutableMap$Values                            : loaded 2 times (x 207B)
Class org.gradle.api.reflect.ObjectInstantiationException                             : loaded 2 times (x 82B)
Class org.gradle.internal.classloader.ClassLoaderSpec                                 : loaded 2 times (x 71B)
Class org.gradle.internal.operations.CurrentBuildOperationRef                         : loaded 2 times (x 79B)
Class com.google.common.collect.ImmutableSet                                          : loaded 2 times (x 145B)
Class org.slf4j.IMarkerFactory                                                        : loaded 2 times (x 70B)
Class org.gradle.internal.scripts.DefaultScriptFileResolver                           : loaded 2 times (x 78B)
Class org.gradle.internal.service.DefaultServiceAccessToken                           : loaded 2 times (x 76B)
Class com.jetbrains.ls.imports.gradle.model.KotlinCompilerSettings                    : loaded 2 times (x 70B)
Class org.gradle.tooling.internal.adapter.ProtocolToModelAdapter$DefaultViewBuilder   : loaded 2 times (x 80B)
Class org.gradle.internal.UncheckedException                                          : loaded 2 times (x 82B)
Class it.unimi.dsi.fastutil.objects.AbstractReferenceCollection                       : loaded 2 times (x 143B)
Class org.gradle.internal.event.DefaultListenerManager$ParallelEventBroadcast         : loaded 2 times (x 82B)
Class org.gradle.internal.classloader.VisitableURLClassLoader                         : loaded 2 times (x 117B)
Class org.gradle.internal.service.DefaultServiceRegistry$FixedInstanceService         : loaded 2 times (x 94B)
Class org.gradle.tooling.internal.adapter.ProtocolToModelAdapter$ViewGraphDetails$1   : loaded 2 times (x 77B)
Class com.google.common.collect.ImmutableList$SerializedForm                          : loaded 2 times (x 73B)
Class kotlin.jvm.functions.Function0                                                  : loaded 2 times (x 70B)
Class org.gradle.internal.scripts.ScriptFileResolver                                  : loaded 2 times (x 70B)
Class org.gradle.internal.Cast                                                        : loaded 2 times (x 71B)
Class org.gradle.api.Action                                                           : loaded 2 times (x 70B)
Class org.gradle.internal.logging.events.operations.ProgressStartBuildOperationProgressDetails: loaded 2 times (x 70B)
Class org.slf4j.helpers.BasicMarkerFactory                                            : loaded 2 times (x 82B)
Class org.gradle.internal.service.ServiceCreationException                            : loaded 2 times (x 82B)
Class org.gradle.internal.classpath.DefaultClassPath$ImmutableUniqueList$Builder      : loaded 2 times (x 75B)
Class com.google.common.collect.ImmutableMap                                          : loaded 2 times (x 120B)
Class org.gradle.internal.service.scopes.StatefulListener                             : loaded 2 times (x 70B)
Class org.gradle.internal.service.scopes.Scope                                        : loaded 2 times (x 70B)
Class org.gradle.tooling.internal.adapter.WeakIdentityHashMap$AbsentValueProvider     : loaded 2 times (x 70B)
Class org.gradle.tooling.model.idea.IdeaModuleDependency                              : loaded 2 times (x 70B)
Class org.gradle.internal.scripts.ScriptingLanguages$1                                : loaded 2 times (x 78B)
Class kotlin.annotation.Target                                                        : loaded 2 times (x 70B)
Class org.gradle.tooling.internal.adapter.ViewBuilder                                 : loaded 2 times (x 70B)
Class org.gradle.api.GradleException                                                  : loaded 2 times (x 82B)
Class org.gradle.internal.exceptions.NonGradleCauseExceptionsHolder                   : loaded 2 times (x 70B)
Class jdk.internal.jimage.ImageStrings                                                : loaded 2 times (x 70B)
Class org.gradle.tooling.internal.adapter.ProtocolToModelAdapter$TypeSpecificMappingAction: loaded 2 times (x 81B)
Class kotlin.annotation.Retention                                                     : loaded 2 times (x 70B)
Class org.gradle.internal.service.Service                                             : loaded 2 times (x 70B)
Class com.google.common.collect.CollectPreconditions                                  : loaded 2 times (x 71B)
Class org.gradle.internal.operations.BuildOperationInvocationException                : loaded 2 times (x 82B)
Class com.google.common.collect.SortedMapDifference                                   : loaded 2 times (x 70B)
Class org.gradle.tooling.internal.adapter.ProtocolToModelAdapter$ReflectionMethodInvoker: loaded 2 times (x 76B)
Class com.jetbrains.ls.imports.gradle.model.KotlinModule                              : loaded 2 times (x 70B)
Class [Lorg.gradle.tooling.events.OperationType;                                      : loaded 2 times (x 69B)
Class org.gradle.internal.logging.events.ProgressEvent                                : loaded 2 times (x 76B)
Class org.gradle.internal.IoActions                                                   : loaded 2 times (x 71B)
Class com.google.common.collect.ImmutableSet$RegularSetBuilderImpl                    : loaded 2 times (x 77B)
Class org.gradle.internal.classloader.SystemClassLoaderSpec                           : loaded 2 times (x 71B)
Class org.gradle.internal.service.ServiceAccessScope                                  : loaded 2 times (x 70B)
Class org.gradle.internal.lazy.LockingLazy                                            : loaded 2 times (x 85B)
Class org.gradle.internal.classloader.ClassLoaderUtils$AbstractClassLoaderLookuper    : loaded 2 times (x 73B)
Class kotlin.jvm.internal.Intrinsics                                                  : loaded 2 times (x 71B)
Class org.gradle.internal.event.ScopedListenerManager                                 : loaded 2 times (x 70B)
Class org.gradle.internal.service.DefaultServiceRegistry$ClassInspector               : loaded 2 times (x 74B)
Class org.gradle.internal.exceptions.MultiCauseException                              : loaded 2 times (x 70B)
Class org.gradle.internal.time.CountdownTimer                                         : loaded 2 times (x 70B)
Class jdk.internal.jrtfs.JrtFileSystem                                                : loaded 2 times (x 102B)
Class org.gradle.internal.operations.OperationIdentifier                              : loaded 2 times (x 72B)
Class com.google.common.collect.RegularImmutableMap$BucketOverflowException           : loaded 2 times (x 82B)
Class it.unimi.dsi.fastutil.BidirectionalIterator                                     : loaded 2 times (x 70B)
Class org.gradle.internal.classloader.ClassLoaderUtils$ClassLoaderPackagesFetcher     : loaded 2 times (x 70B)
Class org.gradle.internal.reflect.ReflectionCache$CacheEntry                          : loaded 2 times (x 72B)
Class org.gradle.internal.SystemProperties                                            : loaded 2 times (x 83B)
Class kotlin.KotlinNullPointerException                                               : loaded 2 times (x 83B)
Class org.gradle.tooling.model.idea.IdeaLanguageLevel                                 : loaded 2 times (x 70B)
Class [Lorg.gradle.internal.service.Service;                                          : loaded 2 times (x 69B)
Class org.gradle.tooling.internal.adapter.ProtocolToModelAdapter$SafeMethodInvoker    : loaded 2 times (x 76B)
Class org.gradle.tooling.internal.adapter.WeakIdentityHashMap$WeakKey                 : loaded 2 times (x 79B)
Class org.gradle.internal.exceptions.DefaultMultiCauseException                       : loaded 2 times (x 95B)
Class [Lorg.gradle.internal.logging.progress.DefaultProgressLoggerFactory$State;      : loaded 2 times (x 69B)
Class org.gradle.internal.concurrent.ThreadFactoryImpl                                : loaded 2 times (x 76B)
Class com.google.common.collect.Hashing                                               : loaded 2 times (x 71B)
Class org.gradle.internal.service.ServiceAccess$1                                     : loaded 2 times (x 75B)
Class org.gradle.internal.service.ServiceProvider                                     : loaded 2 times (x 70B)
Class com.google.common.base.Preconditions                                            : loaded 2 times (x 71B)
Class kotlin.collections.SetsKt__SetsKt                                               : loaded 2 times (x 71B)
Class org.gradle.internal.service.TypeStringFormatter                                 : loaded 2 times (x 71B)
Class org.gradle.internal.time.Time                                                   : loaded 2 times (x 71B)
Class org.gradle.internal.service.DefaultServiceRegistry$State                        : loaded 2 times (x 79B)
Class org.gradle.internal.concurrent.ExecutorPolicy                                   : loaded 2 times (x 70B)
Class org.gradle.internal.service.ServiceAccess                                       : loaded 2 times (x 71B)
Class org.gradle.internal.service.DefaultServiceRegistry$SingletonService             : loaded 2 times (x 94B)
Class org.gradle.tooling.model.BuildIdentifier                                        : loaded 2 times (x 70B)
Class com.google.common.collect.ImmutableMapEntrySet$RegularEntrySet                  : loaded 2 times (x 151B)
Class org.gradle.internal.event.DefaultListenerManager$ExclusiveEventBroadcast        : loaded 2 times (x 82B)
Class org.gradle.internal.concurrent.Stoppable                                        : loaded 2 times (x 70B)
Class com.google.common.collect.Maps$BiMapConverter                                   : loaded 2 times (x 90B)
Class org.gradle.internal.event.AbstractBroadcastDispatch                             : loaded 2 times (x 78B)
Class org.gradle.internal.classloader.ClassLoaderUtils$Java9PackagesFetcher           : loaded 2 times (x 77B)
Class org.gradle.internal.service.ContainsServices                                    : loaded 2 times (x 70B)
Class [Lorg.gradle.internal.operations.BuildOperationCategory;                        : loaded 2 times (x 69B)
Class org.gradle.internal.concurrent.AsyncStoppable                                   : loaded 2 times (x 70B)
Class org.gradle.internal.service.scopes.ListenerService                              : loaded 2 times (x 70B)
Class org.gradle.internal.installation.CurrentGradleInstallationLocator               : loaded 2 times (x 71B)
Class org.gradle.internal.time.Timer                                                  : loaded 2 times (x 70B)
Class com.google.common.collect.RegularImmutableMap$KeySet                            : loaded 2 times (x 150B)
Class org.gradle.tooling.model.DomainObjectSet                                        : loaded 2 times (x 70B)
Class org.gradle.tooling.internal.adapter.ProtocolToModelAdapter$ChainedMethodInvoker : loaded 2 times (x 76B)
Class org.gradle.internal.service.DefaultServiceLocator                               : loaded 2 times (x 83B)
Class org.gradle.tooling.internal.adapter.ProtocolToModelAdapter$ViewGraphDetails     : loaded 2 times (x 72B)
Class it.unimi.dsi.fastutil.objects.AbstractReferenceSet                              : loaded 2 times (x 179B)
Class org.gradle.internal.event.DefaultListenerManager$ExclusiveEventBroadcast$1      : loaded 2 times (x 76B)
Class com.google.common.collect.ImmutableSet$SetBuilderImpl                           : loaded 2 times (x 76B)
Class org.gradle.internal.service.DefaultServiceRegistry$OwnServices                  : loaded 2 times (x 88B)
Class org.gradle.internal.installation.CurrentGradleInstallation                      : loaded 2 times (x 73B)
Class org.gradle.util.GradleVersion                                                   : loaded 2 times (x 83B)
Class com.google.common.collect.ImmutableList$SubList                                 : loaded 2 times (x 208B)
Class org.gradle.util.internal.GUtil                                                  : loaded 2 times (x 71B)
Class org.gradle.internal.service.Provides                                            : loaded 2 times (x 70B)
Class org.gradle.tooling.internal.adapter.ProtocolToModelAdapter$MethodInvocationCache$MethodInvocationKey: loaded 2 times (x 73B)
Class org.gradle.api.internal.jvm.JavaVersionParser                                   : loaded 2 times (x 71B)
Class com.google.common.collect.RegularImmutableSet                                   : loaded 2 times (x 148B)
Class org.gradle.internal.service.scopes.Scope$Settings                               : loaded 2 times (x 70B)
Class org.gradle.internal.installation.GradleInstallation                             : loaded 2 times (x 75B)
Class org.gradle.tooling.internal.adapter.WeakIdentityHashMap                         : loaded 2 times (x 76B)
Class org.gradle.tooling.internal.adapter.ProtocolToModelAdapter$1                    : loaded 2 times (x 75B)
Class org.gradle.tooling.internal.adapter.ProtocolToModelAdapter$ViewDecoration       : loaded 2 times (x 70B)
Class org.gradle.internal.FileUtils                                                   : loaded 2 times (x 71B)
Class org.gradle.internal.event.ListenerBroadcast                                     : loaded 2 times (x 91B)
Class org.gradle.tooling.GradleConnectionException                                    : loaded 2 times (x 82B)
Class org.gradle.util.internal.ArrayUtils                                             : loaded 2 times (x 71B)
Class org.gradle.tooling.internal.adapter.MethodInvoker                               : loaded 2 times (x 70B)
Class org.gradle.tooling.model.gradle.GradleScript                                    : loaded 2 times (x 70B)
Class org.gradle.internal.logging.progress.DefaultProgressLoggerFactory$ProgressLoggerImpl: loaded 2 times (x 92B)
Class org.gradle.tooling.UnsupportedVersionException                                  : loaded 2 times (x 82B)

---------------  S Y S T E M  ---------------

OS:
 Windows 11 , 64 bit Build 26100 (10.0.26100.8246)
OS uptime: 13 days 23:20 hours
Hyper-V role detected

CPU: total 32 (initial active 32) (32 cores per cpu, 2 threads per core) family 25 model 97 stepping 2 microcode 0xa60120c, cx8, cmov, fxsr, ht, mmx, 3dnowpref, sse, sse2, sse3, ssse3, sse4a, sse4.1, sse4.2, popcnt, lzcnt, tsc, tscinvbit, avx, avx2, aes, erms, clmul, bmi1, bmi2, adx, avx512f, avx512dq, avx512cd, avx512bw, avx512vl, sha, fma, vzeroupper, avx512_vpopcntdq, avx512_vpclmulqdq, avx512_vaes, avx512_vnni, clflush, clflushopt, avx512_vbmi2, avx512_vbmi, hv, rdtscp, rdpid, fsrm, gfni, avx512_bitalg, f16c, cet_ss, avx512_ifma
Processor Information for the first 32 processors :
  Max Mhz: 2501, Current Mhz: 2501, Mhz Limit: 2501

Memory: 4k page, system-wide physical 32048M (1879M free)
TotalPageFile size 64816M (AvailPageFile size 82M)
current process WorkingSet (physical memory assigned to process): 2632M, peak: 2709M
current process commit charge ("private bytes"): 2736M, peak: 2820M

vm_info: OpenJDK 64-Bit Server VM (21.0.8+9-b1148.57) for windows-amd64 JRE (21.0.8+9-b1148.57), built on 2025-10-04 by "builduser" with MS VC++ 16.10 / 16.11 (VS2019)

END.
